date,Trip,site,transect_no.,transect_placement,transect_L_m,slope_top_deg,slope_bottom_deg,slope,species,hits,length,total_seaweed_length,seaweed_length_meters,seaweed_per_beach
3/15/23,1,Artist,1,na,27.2,,,,M. pyrifera ,4,16,1056,1.056,0.038823529
3/15/23,1,Artist,1,na,27.2,,,,M. pyrifera ,1,32,,,
3/15/23,1,Artist,1,na,27.2,,,,M. pyrifera ,3,64,,,
3/15/23,1,Artist,1,na,27.2,,,,M. pyrifera ,2,128,,,
3/15/23,1,Artist,1,na,27.2,,,,M. pyrifera ,0,256,,,
3/15/23,1,Artist,1,na,27.2,,,,M. pyrifera ,1,512,,,
3/15/23,1,Artist,1,na,27.2,,,,M. pyrifera ,0,1000,,,
3/15/23,1,Artist,1,na,27.2,,,,M. pyrifera ,0,2000,,,
3/15/23,1,Artist,1,na,27.2,,,,M. pyrifera ,0,4000,,,
3/15/23,1,Artist,1,na,27.2,,,,M. pyrifera ,0,8000,,,
3/15/23,1,Artist,2,na,25.3,,,,M. pyrifera ,1,16,1232,1.232,0.048695652
3/15/23,1,Artist,2,na,25.3,,,,M. pyrifera ,2,32,,,
3/15/23,1,Artist,2,na,25.3,,,,M. pyrifera ,0,64,,,
3/15/23,1,Artist,2,na,25.3,,,,M. pyrifera ,3,128,,,
3/15/23,1,Artist,2,na,25.3,,,,M. pyrifera ,3,256,,,
3/15/23,1,Artist,2,na,25.3,,,,M. pyrifera ,0,512,,,
3/15/23,1,Artist,2,na,25.3,,,,M. pyrifera ,0,1000,,,
3/15/23,1,Artist,2,na,25.3,,,,M. pyrifera ,0,2000,,,
3/15/23,1,Artist,2,na,25.3,,,,M. pyrifera ,0,4000,,,
3/15/23,1,Artist,2,na,25.3,,,,M. pyrifera ,0,8000,,,
3/15/23,1,Artist,1,na,27.2,,,,S. horneri,0,16,0,0,0
3/15/23,1,Artist,1,na,27.2,,,,S. horneri,0,32,,,
3/15/23,1,Artist,1,na,27.2,,,,S. horneri,0,64,,,
3/15/23,1,Artist,1,na,27.2,,,,S. horneri,0,128,,,
3/15/23,1,Artist,1,na,27.2,,,,S. horneri,0,256,,,
3/15/23,1,Artist,1,na,27.2,,,,S. horneri,0,512,,,
3/15/23,1,Artist,1,na,27.2,,,,S. horneri,0,1000,,,
3/15/23,1,Artist,1,na,27.2,,,,S. horneri,0,2000,,,
3/15/23,1,Artist,1,na,27.2,,,,S. horneri,0,4000,,,
3/15/23,1,Artist,1,na,27.2,,,,S. horneri,0,8000,,,
3/15/23,1,Artist,2,na,25.3,,,,S. horneri,0,16,0,0,0
3/15/23,1,Artist,2,na,25.3,,,,S. horneri,0,32,,,
3/15/23,1,Artist,2,na,25.3,,,,S. horneri,0,64,,,
3/15/23,1,Artist,2,na,25.3,,,,S. horneri,0,128,,,
3/15/23,1,Artist,2,na,25.3,,,,S. horneri,0,256,,,
3/15/23,1,Artist,2,na,25.3,,,,S. horneri,0,512,,,
3/15/23,1,Artist,2,na,25.3,,,,S. horneri,0,1000,,,
3/15/23,1,Artist,2,na,25.3,,,,S. horneri,0,2000,,,
3/15/23,1,Artist,2,na,25.3,,,,S. horneri,0,4000,,,
3/15/23,1,Artist,2,na,25.3,,,,S. horneri,0,8000,,,
3/14/22,1,Bachelor,1,25,14.4,,,,M. pyrifera ,0,16,10720,10.72,0.744444444
3/14/22,1,Bachelor,1,25,14.4,,,,M. pyrifera ,1,32,,,
3/14/22,1,Bachelor,1,25,14.4,,,,M. pyrifera ,6,64,,,
3/14/22,1,Bachelor,1,25,14.4,,,,M. pyrifera ,4,128,,,
3/14/22,1,Bachelor,1,25,14.4,,,,M. pyrifera ,5,256,,,
3/14/22,1,Bachelor,1,25,14.4,,,,M. pyrifera ,1,512,,,
3/14/22,1,Bachelor,1,25,14.4,,,,M. pyrifera ,0,1000,,,
3/14/22,1,Bachelor,1,25,14.4,,,,M. pyrifera ,2,2000,,,
3/14/22,1,Bachelor,1,25,14.4,,,,M. pyrifera ,1,4000,,,
3/14/22,1,Bachelor,1,25,14.4,,,,M. pyrifera ,0,8000,,,
3/14/22,1,Bachelor,2,20,12.5,,,,M. pyrifera ,1,16,4448,4.448,0.35584
3/14/22,1,Bachelor,2,20,12.5,,,,M. pyrifera ,4,32,,,
3/14/22,1,Bachelor,2,20,12.5,,,,M. pyrifera ,2,64,,,
3/14/22,1,Bachelor,2,20,12.5,,,,M. pyrifera ,3,128,,,
3/14/22,1,Bachelor,2,20,12.5,,,,M. pyrifera ,5,256,,,
3/14/22,1,Bachelor,2,20,12.5,,,,M. pyrifera ,1,512,,,
3/14/22,1,Bachelor,2,20,12.5,,,,M. pyrifera ,0,1000,,,
3/14/22,1,Bachelor,2,20,12.5,,,,M. pyrifera ,1,2000,,,
3/14/22,1,Bachelor,2,20,12.5,,,,M. pyrifera ,0,4000,,,
3/14/22,1,Bachelor,2,20,12.5,,,,M. pyrifera ,0,8000,,,
3/14/22,1,Bachelor,3,15,12.45,,,,M. pyrifera ,0,16,448,0.448,0.035983936
3/14/22,1,Bachelor,3,15,12.45,,,,M. pyrifera ,0,32,,,
3/14/22,1,Bachelor,3,15,12.45,,,,M. pyrifera ,1,64,,,
3/14/22,1,Bachelor,3,15,12.45,,,,M. pyrifera ,3,128,,,
3/14/22,1,Bachelor,3,15,12.45,,,,M. pyrifera ,0,256,,,
3/14/22,1,Bachelor,3,15,12.45,,,,M. pyrifera ,0,512,,,
3/14/22,1,Bachelor,3,15,12.45,,,,M. pyrifera ,0,1000,,,
3/14/22,1,Bachelor,3,15,12.45,,,,M. pyrifera ,0,2000,,,
3/14/22,1,Bachelor,3,15,12.45,,,,M. pyrifera ,0,4000,,,
3/14/22,1,Bachelor,3,15,12.45,,,,M. pyrifera ,0,8000,,,
3/14/22,1,Bachelor,1,25,14.4,,,,S. horneri,0,16,0,0,0
3/14/22,1,Bachelor,1,25,14.4,,,,S. horneri,0,32,,,
3/14/22,1,Bachelor,1,25,14.4,,,,S. horneri,0,64,,,
3/14/22,1,Bachelor,1,25,14.4,,,,S. horneri,0,128,,,
3/14/22,1,Bachelor,1,25,14.4,,,,S. horneri,0,256,,,
3/14/22,1,Bachelor,1,25,14.4,,,,S. horneri,0,512,,,
3/14/22,1,Bachelor,1,25,14.4,,,,S. horneri,0,1000,,,
3/14/22,1,Bachelor,1,25,14.4,,,,S. horneri,0,2000,,,
3/14/22,1,Bachelor,1,25,14.4,,,,S. horneri,0,4000,,,
3/14/22,1,Bachelor,1,25,14.4,,,,S. horneri,0,8000,,,
3/14/22,1,Bachelor,2,20,12.5,,,,S. horneri,0,16,0,0,0
3/14/22,1,Bachelor,2,20,12.5,,,,S. horneri,0,32,,,
3/14/22,1,Bachelor,2,20,12.5,,,,S. horneri,0,64,,,
3/14/22,1,Bachelor,2,20,12.5,,,,S. horneri,0,128,,,
3/14/22,1,Bachelor,2,20,12.5,,,,S. horneri,0,256,,,
3/14/22,1,Bachelor,2,20,12.5,,,,S. horneri,0,512,,,
3/14/22,1,Bachelor,2,20,12.5,,,,S. horneri,0,1000,,,
3/14/22,1,Bachelor,2,20,12.5,,,,S. horneri,0,2000,,,
3/14/22,1,Bachelor,2,20,12.5,,,,S. horneri,0,4000,,,
3/14/22,1,Bachelor,2,20,12.5,,,,S. horneri,0,8000,,,
3/14/22,1,Bachelor,3,15,12.45,,,,S. horneri,0,16,0,0,0
3/14/22,1,Bachelor,3,15,12.45,,,,S. horneri,0,32,,,
3/14/22,1,Bachelor,3,15,12.45,,,,S. horneri,0,64,,,
3/14/22,1,Bachelor,3,15,12.45,,,,S. horneri,0,128,,,
3/14/22,1,Bachelor,3,15,12.45,,,,S. horneri,0,256,,,
3/14/22,1,Bachelor,3,15,12.45,,,,S. horneri,0,512,,,
3/14/22,1,Bachelor,3,15,12.45,,,,S. horneri,0,1000,,,
3/14/22,1,Bachelor,3,15,12.45,,,,S. horneri,0,2000,,,
3/14/22,1,Bachelor,3,15,12.45,,,,S. horneri,0,4000,,,
3/14/22,1,Bachelor,3,15,12.45,,,,S. horneri,0,8000,,,
3/15/23,1,Cissy,1,25,24.2,,,,M. pyrifera ,0,16,1248,1.248,0.051570248
3/15/23,1,Cissy,1,25,24.2,,,,M. pyrifera ,1,32,,,
3/15/23,1,Cissy,1,25,24.2,,,,M. pyrifera ,1,64,,,
3/15/23,1,Cissy,1,25,24.2,,,,M. pyrifera ,1,128,,,
3/15/23,1,Cissy,1,25,24.2,,,,M. pyrifera ,2,256,,,
3/15/23,1,Cissy,1,25,24.2,,,,M. pyrifera ,1,512,,,
3/15/23,1,Cissy,1,25,24.2,,,,M. pyrifera ,0,1000,,,
3/15/23,1,Cissy,1,25,24.2,,,,M. pyrifera ,0,2000,,,
3/15/23,1,Cissy,1,25,24.2,,,,M. pyrifera ,0,4000,,,
3/15/23,1,Cissy,1,25,24.2,,,,M. pyrifera ,0,8000,,,
3/15/23,1,Cissy,2,35,24.4,,,,M. pyrifera ,0,16,544,0.544,0.022295082
3/15/23,1,Cissy,2,35,24.4,,,,M. pyrifera ,1,32,,,
3/15/23,1,Cissy,2,35,24.4,,,,M. pyrifera ,0,64,,,
3/15/23,1,Cissy,2,35,24.4,,,,M. pyrifera ,0,128,,,
3/15/23,1,Cissy,2,35,24.4,,,,M. pyrifera ,0,256,,,
3/15/23,1,Cissy,2,35,24.4,,,,M. pyrifera ,1,512,,,
3/15/23,1,Cissy,2,35,24.4,,,,M. pyrifera ,0,1000,,,
3/15/23,1,Cissy,2,35,24.4,,,,M. pyrifera ,0,2000,,,
3/15/23,1,Cissy,2,35,24.4,,,,M. pyrifera ,0,4000,,,
3/15/23,1,Cissy,2,35,24.4,,,,M. pyrifera ,0,8000,,,
3/15/23,1,Cissy,3,na,19.5,,,,M. pyrifera ,0,16,512,0.512,0.02625641
3/15/23,1,Cissy,3,na,19.5,,,,M. pyrifera ,0,32,,,
3/15/23,1,Cissy,3,na,19.5,,,,M. pyrifera ,0,64,,,
3/15/23,1,Cissy,3,na,19.5,,,,M. pyrifera ,0,128,,,
3/15/23,1,Cissy,3,na,19.5,,,,M. pyrifera ,0,256,,,
3/15/23,1,Cissy,3,na,19.5,,,,M. pyrifera ,1,512,,,
3/15/23,1,Cissy,3,na,19.5,,,,M. pyrifera ,0,1000,,,
3/15/23,1,Cissy,3,na,19.5,,,,M. pyrifera ,0,2000,,,
3/15/23,1,Cissy,3,na,19.5,,,,M. pyrifera ,0,4000,,,
3/15/23,1,Cissy,3,na,19.5,,,,M. pyrifera ,0,8000,,,
3/15/23,1,Cissy,1,25,24.2,,,,S. horneri,0,16,0,0,0
3/15/23,1,Cissy,1,25,24.2,,,,S. horneri,0,32,,,
3/15/23,1,Cissy,1,25,24.2,,,,S. horneri,0,64,,,
3/15/23,1,Cissy,1,25,24.2,,,,S. horneri,0,128,,,
3/15/23,1,Cissy,1,25,24.2,,,,S. horneri,0,256,,,
3/15/23,1,Cissy,1,25,24.2,,,,S. horneri,0,512,,,
3/15/23,1,Cissy,1,25,24.2,,,,S. horneri,0,1000,,,
3/15/23,1,Cissy,1,25,24.2,,,,S. horneri,0,2000,,,
3/15/23,1,Cissy,1,25,24.2,,,,S. horneri,0,4000,,,
3/15/23,1,Cissy,1,25,24.2,,,,S. horneri,0,8000,,,
3/15/23,1,Cissy,2,35,24.4,,,,S. horneri,0,16,128,0.128,0.005245902
3/15/23,1,Cissy,2,35,24.4,,,,S. horneri,0,32,,,
3/15/23,1,Cissy,2,35,24.4,,,,S. horneri,0,64,,,
3/15/23,1,Cissy,2,35,24.4,,,,S. horneri,1,128,,,
3/15/23,1,Cissy,2,35,24.4,,,,S. horneri,0,256,,,
3/15/23,1,Cissy,2,35,24.4,,,,S. horneri,0,512,,,
3/15/23,1,Cissy,2,35,24.4,,,,S. horneri,0,1000,,,
3/15/23,1,Cissy,2,35,24.4,,,,S. horneri,0,2000,,,
3/15/23,1,Cissy,2,35,24.4,,,,S. horneri,0,4000,,,
3/15/23,1,Cissy,2,35,24.4,,,,S. horneri,0,8000,,,
3/15/23,1,Cissy,3,na,19.5,,,,S. horneri,0,16,0,0,0
3/15/23,1,Cissy,3,na,19.5,,,,S. horneri,0,32,,,
3/15/23,1,Cissy,3,na,19.5,,,,S. horneri,0,64,,,
3/15/23,1,Cissy,3,na,19.5,,,,S. horneri,0,128,,,
3/15/23,1,Cissy,3,na,19.5,,,,S. horneri,0,256,,,
3/15/23,1,Cissy,3,na,19.5,,,,S. horneri,0,512,,,
3/15/23,1,Cissy,3,na,19.5,,,,S. horneri,0,1000,,,
3/15/23,1,Cissy,3,na,19.5,,,,S. horneri,0,2000,,,
3/15/23,1,Cissy,3,na,19.5,,,,S. horneri,0,4000,,,
3/15/23,1,Cissy,3,na,19.5,,,,S. horneri,0,8000,,,
3/14/22,1,Redeye,1,4,50,,,,M. pyrifera ,0,16,2512,2.512,0.05024
3/14/22,1,Redeye,1,4,50,,,,M. pyrifera ,0,32,,,
3/14/22,1,Redeye,1,4,50,,,,M. pyrifera ,0,64,,,
3/14/22,1,Redeye,1,4,50,,,,M. pyrifera ,0,128,,,
3/14/22,1,Redeye,1,4,50,,,,M. pyrifera ,0,256,,,
3/14/22,1,Redeye,1,4,50,,,,M. pyrifera ,1,512,,,
3/14/22,1,Redeye,1,4,50,,,,M. pyrifera ,0,1000,,,
3/14/22,1,Redeye,1,4,50,,,,M. pyrifera ,1,2000,,,
3/14/22,1,Redeye,1,4,50,,,,M. pyrifera ,0,4000,,,
3/14/22,1,Redeye,1,4,50,,,,M. pyrifera ,0,8000,,,
3/14/22,1,Redeye,2,25,50,,,,M. pyrifera ,0,16,896,0.896,0.01792
3/14/22,1,Redeye,2,25,50,,,,M. pyrifera ,0,32,,,
3/14/22,1,Redeye,2,25,50,,,,M. pyrifera ,0,64,,,
3/14/22,1,Redeye,2,25,50,,,,M. pyrifera ,1,128,,,
3/14/22,1,Redeye,2,25,50,,,,M. pyrifera ,3,256,,,
3/14/22,1,Redeye,2,25,50,,,,M. pyrifera ,0,512,,,
3/14/22,1,Redeye,2,25,50,,,,M. pyrifera ,0,1000,,,
3/14/22,1,Redeye,2,25,50,,,,M. pyrifera ,0,2000,,,
3/14/22,1,Redeye,2,25,50,,,,M. pyrifera ,0,4000,,,
3/14/22,1,Redeye,2,25,50,,,,M. pyrifera ,0,8000,,,
3/14/22,1,Redeye,3,45,50,,,,M. pyrifera ,1,16,9944,9.944,0.19888
3/14/22,1,Redeye,3,45,50,,,,M. pyrifera ,1,32,,,
3/14/22,1,Redeye,3,45,50,,,,M. pyrifera ,0,64,,,
3/14/22,1,Redeye,3,45,50,,,,M. pyrifera ,3,128,,,
3/14/22,1,Redeye,3,45,50,,,,M. pyrifera ,2,256,,,
3/14/22,1,Redeye,3,45,50,,,,M. pyrifera ,0,512,,,
3/14/22,1,Redeye,3,45,50,,,,M. pyrifera ,1,1000,,,
3/14/22,1,Redeye,3,45,50,,,,M. pyrifera ,0,2000,,,
3/14/22,1,Redeye,3,45,50,,,,M. pyrifera ,2,4000,,,
3/14/22,1,Redeye,3,45,50,,,,M. pyrifera ,0,8000,,,
3/14/22,1,Redeye,1,4,50,,,,S. horneri,0,16,0,0,0
3/14/22,1,Redeye,1,4,50,,,,S. horneri,0,32,,,
3/14/22,1,Redeye,1,4,50,,,,S. horneri,0,64,,,
3/14/22,1,Redeye,1,4,50,,,,S. horneri,0,128,,,
3/14/22,1,Redeye,1,4,50,,,,S. horneri,0,256,,,
3/14/22,1,Redeye,1,4,50,,,,S. horneri,0,512,,,
3/14/22,1,Redeye,1,4,50,,,,S. horneri,0,1000,,,
3/14/22,1,Redeye,1,4,50,,,,S. horneri,0,2000,,,
3/14/22,1,Redeye,1,4,50,,,,S. horneri,0,4000,,,
3/14/22,1,Redeye,1,4,50,,,,S. horneri,0,8000,,,
3/14/22,1,Redeye,2,25,50,,,,S. horneri,0,16,0,0,0
3/14/22,1,Redeye,2,25,50,,,,S. horneri,0,32,,,
3/14/22,1,Redeye,2,25,50,,,,S. horneri,0,64,,,
3/14/22,1,Redeye,2,25,50,,,,S. horneri,0,128,,,
3/14/22,1,Redeye,2,25,50,,,,S. horneri,0,256,,,
3/14/22,1,Redeye,2,25,50,,,,S. horneri,0,512,,,
3/14/22,1,Redeye,2,25,50,,,,S. horneri,0,1000,,,
3/14/22,1,Redeye,2,25,50,,,,S. horneri,0,2000,,,
3/14/22,1,Redeye,2,25,50,,,,S. horneri,0,4000,,,
3/14/22,1,Redeye,2,25,50,,,,S. horneri,0,8000,,,
3/14/22,1,Redeye,3,45,50,,,,S. horneri,0,16,0,0,0
3/14/22,1,Redeye,3,45,50,,,,S. horneri,0,32,,,
3/14/22,1,Redeye,3,45,50,,,,S. horneri,0,64,,,
3/14/22,1,Redeye,3,45,50,,,,S. horneri,0,128,,,
3/14/22,1,Redeye,3,45,50,,,,S. horneri,0,256,,,
3/14/22,1,Redeye,3,45,50,,,,S. horneri,0,512,,,
3/14/22,1,Redeye,3,45,50,,,,S. horneri,0,1000,,,
3/14/22,1,Redeye,3,45,50,,,,S. horneri,0,2000,,,
3/14/22,1,Redeye,3,45,50,,,,S. horneri,0,4000,,,
3/14/22,1,Redeye,3,45,50,,,,S. horneri,0,8000,,,
3/14/22,1,Tender,1,15,25.3,,,,M. pyrifera ,3,16,3800,3.8,0.150197628
3/14/22,1,Tender,1,15,25.3,,,,M. pyrifera ,12,32,,,
3/14/22,1,Tender,1,15,25.3,,,,M. pyrifera ,13,64,,,
3/14/22,1,Tender,1,15,25.3,,,,M. pyrifera ,10,128,,,
3/14/22,1,Tender,1,15,25.3,,,,M. pyrifera ,1,256,,,
3/14/22,1,Tender,1,15,25.3,,,,M. pyrifera ,0,512,,,
3/14/22,1,Tender,1,15,25.3,,,,M. pyrifera ,1,1000,,,
3/14/22,1,Tender,1,15,25.3,,,,M. pyrifera ,0,2000,,,
3/14/22,1,Tender,1,15,25.3,,,,M. pyrifera ,0,4000,,,
3/14/22,1,Tender,1,15,25.3,,,,M. pyrifera ,0,8000,,,
3/14/22,1,Tender,2,30,23.2,,,,M. pyrifera ,0,16,6752,6.752,0.291034483
3/14/22,1,Tender,2,30,23.2,,,,M. pyrifera ,2,32,,,
3/14/22,1,Tender,2,30,23.2,,,,M. pyrifera ,6,64,,,
3/14/22,1,Tender,2,30,23.2,,,,M. pyrifera ,6,128,,,
3/14/22,1,Tender,2,30,23.2,,,,M. pyrifera ,2,256,,,
3/14/22,1,Tender,2,30,23.2,,,,M. pyrifera ,2,512,,,
3/14/22,1,Tender,2,30,23.2,,,,M. pyrifera ,4,1000,,,
3/14/22,1,Tender,2,30,23.2,,,,M. pyrifera ,0,2000,,,
3/14/22,1,Tender,2,30,23.2,,,,M. pyrifera ,0,4000,,,
3/14/22,1,Tender,2,30,23.2,,,,M. pyrifera ,0,8000,,,
3/14/22,1,Tender,3,3,25.3,,,,M. pyrifera ,0,16,16088,16.088,0.635889328
3/14/22,1,Tender,3,3,25.3,,,,M. pyrifera ,3,32,,,
3/14/22,1,Tender,3,3,25.3,,,,M. pyrifera ,2,64,,,
3/14/22,1,Tender,3,3,25.3,,,,M. pyrifera ,6,128,,,
3/14/22,1,Tender,3,3,25.3,,,,M. pyrifera ,4,256,,,
3/14/22,1,Tender,3,3,25.3,,,,M. pyrifera ,6,512,,,
3/14/22,1,Tender,3,3,25.3,,,,M. pyrifera ,7,1000,,,
3/14/22,1,Tender,3,3,25.3,,,,M. pyrifera ,2,2000,,,
3/14/22,1,Tender,3,3,25.3,,,,M. pyrifera ,0,4000,,,
3/14/22,1,Tender,3,3,25.3,,,,M. pyrifera ,0,8000,,,
3/14/22,1,Tender,1,15,25.3,,,,S. horneri,0,16,0,0,0
3/14/22,1,Tender,1,15,25.3,,,,S. horneri,0,32,,,
3/14/22,1,Tender,1,15,25.3,,,,S. horneri,0,64,,,
3/14/22,1,Tender,1,15,25.3,,,,S. horneri,0,128,,,
3/14/22,1,Tender,1,15,25.3,,,,S. horneri,0,256,,,
3/14/22,1,Tender,1,15,25.3,,,,S. horneri,0,512,,,
3/14/22,1,Tender,1,15,25.3,,,,S. horneri,0,1000,,,
3/14/22,1,Tender,1,15,25.3,,,,S. horneri,0,2000,,,
3/14/22,1,Tender,1,15,25.3,,,,S. horneri,0,4000,,,
3/14/22,1,Tender,1,15,25.3,,,,S. horneri,0,8000,,,
3/14/22,1,Tender,2,30,23.2,,,,S. horneri,0,16,0,0,0
3/14/22,1,Tender,2,30,23.2,,,,S. horneri,0,32,,,
3/14/22,1,Tender,2,30,23.2,,,,S. horneri,0,64,,,
3/14/22,1,Tender,2,30,23.2,,,,S. horneri,0,128,,,
3/14/22,1,Tender,2,30,23.2,,,,S. horneri,0,256,,,
3/14/22,1,Tender,2,30,23.2,,,,S. horneri,0,512,,,
3/14/22,1,Tender,2,30,23.2,,,,S. horneri,0,1000,,,
3/14/22,1,Tender,2,30,23.2,,,,S. horneri,0,2000,,,
3/14/22,1,Tender,2,30,23.2,,,,S. horneri,0,4000,,,
3/14/22,1,Tender,2,30,23.2,,,,S. horneri,0,8000,,,
3/14/22,1,Tender,3,3,25.3,,,,S. horneri,0,16,0,0,0
3/14/22,1,Tender,3,3,25.3,,,,S. horneri,0,32,,,
3/14/22,1,Tender,3,3,25.3,,,,S. horneri,0,64,,,
3/14/22,1,Tender,3,3,25.3,,,,S. horneri,0,128,,,
3/14/22,1,Tender,3,3,25.3,,,,S. horneri,0,256,,,
3/14/22,1,Tender,3,3,25.3,,,,S. horneri,0,512,,,
3/14/22,1,Tender,3,3,25.3,,,,S. horneri,0,1000,,,
3/14/22,1,Tender,3,3,25.3,,,,S. horneri,0,2000,,,
3/14/22,1,Tender,3,3,25.3,,,,S. horneri,0,4000,,,
3/14/22,1,Tender,3,3,25.3,,,,S. horneri,0,8000,,,
5/10/22,2,Artist,1,46,27,,,7.7,M. pyrifera ,2,16,,,
5/10/22,2,Artist,1,46,27,,,7.7,M. pyrifera ,3,32,1072,1.072,0.039703704
5/10/22,2,Artist,1,46,27,,,7.7,M. pyrifera ,7,64,,,
5/10/22,2,Artist,1,46,27,,,7.7,M. pyrifera ,4,128,,,
5/10/22,2,Artist,1,46,27,,,7.7,M. pyrifera ,0,256,,,
5/10/22,2,Artist,1,46,27,,,7.7,M. pyrifera ,0,512,,,
5/10/22,2,Artist,1,46,27,,,7.7,M. pyrifera ,0,1000,,,
5/10/22,2,Artist,1,46,27,,,7.7,M. pyrifera ,0,2000,,,
5/10/22,2,Artist,1,46,27,,,7.7,M. pyrifera ,0,4000,,,
5/10/22,2,Artist,1,46,27,,,7.7,M. pyrifera ,0,8000,,,
5/10/22,2,Artist,2,37,24,,,7,M. pyrifera ,1,16,,,
5/10/22,2,Artist,2,37,24,,,7,M. pyrifera ,12,32,1408,1.408,0.058666667
5/10/22,2,Artist,2,37,24,,,7,M. pyrifera ,6,64,,,
5/10/22,2,Artist,2,37,24,,,7,M. pyrifera ,5,128,,,
5/10/22,2,Artist,2,37,24,,,7,M. pyrifera ,0,256,,,
5/10/22,2,Artist,2,37,24,,,7,M. pyrifera ,0,512,,,
5/10/22,2,Artist,2,37,24,,,7,M. pyrifera ,0,1000,,,
5/10/22,2,Artist,2,37,24,,,7,M. pyrifera ,0,2000,,,
5/10/22,2,Artist,2,37,24,,,7,M. pyrifera ,0,4000,,,
5/10/22,2,Artist,2,37,24,,,7,M. pyrifera ,0,8000,,,
5/10/22,2,Artist,3,26,23,,,7,M. pyrifera ,0,16,,,
5/10/22,2,Artist,3,26,23,,,7,M. pyrifera ,4,32,960,0.96,0.04173913
5/10/22,2,Artist,3,26,23,,,7,M. pyrifera ,5,64,,,
5/10/22,2,Artist,3,26,23,,,7,M. pyrifera ,2,128,,,
5/10/22,2,Artist,3,26,23,,,7,M. pyrifera ,1,256,,,
5/10/22,2,Artist,3,26,23,,,7,M. pyrifera ,0,512,,,
5/10/22,2,Artist,3,26,23,,,7,M. pyrifera ,0,1000,,,
5/10/22,2,Artist,3,26,23,,,7,M. pyrifera ,0,2000,,,
5/10/22,2,Artist,3,26,23,,,7,M. pyrifera ,0,4000,,,
5/10/22,2,Artist,3,26,23,,,7,M. pyrifera ,0,8000,,,
5/10/22,2,Artist,1,46,27,,,7.7,S. horneri,0,16,,,
5/10/22,2,Artist,1,46,27,,,7.7,S. horneri,0,32,0,0,0
5/10/22,2,Artist,1,46,27,,,7.7,S. horneri,0,64,,,
5/10/22,2,Artist,1,46,27,,,7.7,S. horneri,0,128,,,
5/10/22,2,Artist,1,46,27,,,7.7,S. horneri,0,256,,,
5/10/22,2,Artist,1,46,27,,,7.7,S. horneri,0,512,,,
5/10/22,2,Artist,1,46,27,,,7.7,S. horneri,0,1000,,,
5/10/22,2,Artist,1,46,27,,,7.7,S. horneri,0,2000,,,
5/10/22,2,Artist,1,46,27,,,7.7,S. horneri,0,4000,,,
5/10/22,2,Artist,1,46,27,,,7.7,S. horneri,0,8000,,,
5/10/22,2,Artist,2,37,24,,,7,S. horneri,0,16,,,
5/10/22,2,Artist,2,37,24,,,7,S. horneri,0,32,0,0,0
5/10/22,2,Artist,2,37,24,,,7,S. horneri,0,64,,,
5/10/22,2,Artist,2,37,24,,,7,S. horneri,0,128,,,
5/10/22,2,Artist,2,37,24,,,7,S. horneri,0,256,,,
5/10/22,2,Artist,2,37,24,,,7,S. horneri,0,512,,,
5/10/22,2,Artist,2,37,24,,,7,S. horneri,0,1000,,,
5/10/22,2,Artist,2,37,24,,,7,S. horneri,0,2000,,,
5/10/22,2,Artist,2,37,24,,,7,S. horneri,0,4000,,,
5/10/22,2,Artist,2,37,24,,,7,S. horneri,0,8000,,,
5/10/22,2,Artist,3,26,23,,,7,S. horneri,0,16,,,
5/10/22,2,Artist,3,26,23,,,7,S. horneri,0,32,0,0,0
5/10/22,2,Artist,3,26,23,,,7,S. horneri,0,64,,,
5/10/22,2,Artist,3,26,23,,,7,S. horneri,0,128,,,
5/10/22,2,Artist,3,26,23,,,7,S. horneri,0,256,,,
5/10/22,2,Artist,3,26,23,,,7,S. horneri,0,512,,,
5/10/22,2,Artist,3,26,23,,,7,S. horneri,0,1000,,,
5/10/22,2,Artist,3,26,23,,,7,S. horneri,0,2000,,,
5/10/22,2,Artist,3,26,23,,,7,S. horneri,0,4000,,,
5/10/22,2,Artist,3,26,23,,,7,S. horneri,0,8000,,,
5/11/22,2,Cissy,1,46,21.2,,,8.8,M. pyrifera ,0,16,992,0.992,0.046792453
5/11/22,2,Cissy,1,46,21.2,,,8.8,M. pyrifera ,1,32,,,
5/11/22,2,Cissy,1,46,21.2,,,8.8,M. pyrifera ,5,64,,,
5/11/22,2,Cissy,1,46,21.2,,,8.8,M. pyrifera ,3,128,,,
5/11/22,2,Cissy,1,46,21.2,,,8.8,M. pyrifera ,1,256,,,
5/11/22,2,Cissy,1,46,21.2,,,8.8,M. pyrifera ,0,512,,,
5/11/22,2,Cissy,1,46,21.2,,,8.8,M. pyrifera ,0,1000,,,
5/11/22,2,Cissy,1,46,21.2,,,8.8,M. pyrifera ,0,2000,,,
5/11/22,2,Cissy,1,46,21.2,,,8.8,M. pyrifera ,0,4000,,,
5/11/22,2,Cissy,1,46,21.2,,,8.8,M. pyrifera ,0,8000,,,
5/11/22,2,Cissy,2,37,18.5,,,8.8,M. pyrifera ,0,16,352,0.352,0.019027027
5/11/22,2,Cissy,2,37,18.5,,,8.8,M. pyrifera ,3,32,,,
5/11/22,2,Cissy,2,37,18.5,,,8.8,M. pyrifera ,2,64,,,
5/11/22,2,Cissy,2,37,18.5,,,8.8,M. pyrifera ,1,128,,,
5/11/22,2,Cissy,2,37,18.5,,,8.8,M. pyrifera ,0,256,,,
5/11/22,2,Cissy,2,37,18.5,,,8.8,M. pyrifera ,0,512,,,
5/11/22,2,Cissy,2,37,18.5,,,8.8,M. pyrifera ,0,1000,,,
5/11/22,2,Cissy,2,37,18.5,,,8.8,M. pyrifera ,0,2000,,,
5/11/22,2,Cissy,2,37,18.5,,,8.8,M. pyrifera ,0,4000,,,
5/11/22,2,Cissy,2,37,18.5,,,8.8,M. pyrifera ,0,8000,,,
5/11/22,2,Cissy,3,33,19.9,,,8.8,M. pyrifera ,0,16,832,0.832,0.041809045
5/11/22,2,Cissy,3,33,19.9,,,8.8,M. pyrifera ,2,32,,,
5/11/22,2,Cissy,3,33,19.9,,,8.8,M. pyrifera ,0,64,,,
5/11/22,2,Cissy,3,33,19.9,,,8.8,M. pyrifera ,2,128,,,
5/11/22,2,Cissy,3,33,19.9,,,8.8,M. pyrifera ,0,256,,,
5/11/22,2,Cissy,3,33,19.9,,,8.8,M. pyrifera ,1,512,,,
5/11/22,2,Cissy,3,33,19.9,,,8.8,M. pyrifera ,0,1000,,,
5/11/22,2,Cissy,3,33,19.9,,,8.8,M. pyrifera ,0,2000,,,
5/11/22,2,Cissy,3,33,19.9,,,8.8,M. pyrifera ,0,4000,,,
5/11/22,2,Cissy,3,33,19.9,,,8.8,M. pyrifera ,0,8000,,,
5/11/22,2,Cissy,1,46,21.2,,,8.8,S. horneri,0,16,0,0,0
5/11/22,2,Cissy,1,46,21.2,,,8.8,S. horneri,0,32,,,
5/11/22,2,Cissy,1,46,21.2,,,8.8,S. horneri,0,64,,,
5/11/22,2,Cissy,1,46,21.2,,,8.8,S. horneri,0,128,,,
5/11/22,2,Cissy,1,46,21.2,,,8.8,S. horneri,0,256,,,
5/11/22,2,Cissy,1,46,21.2,,,8.8,S. horneri,0,512,,,
5/11/22,2,Cissy,1,46,21.2,,,8.8,S. horneri,0,1000,,,
5/11/22,2,Cissy,1,46,21.2,,,8.8,S. horneri,0,2000,,,
5/11/22,2,Cissy,1,46,21.2,,,8.8,S. horneri,0,4000,,,
5/11/22,2,Cissy,1,46,21.2,,,8.8,S. horneri,0,8000,,,
5/11/22,2,Cissy,2,37,18.5,,,8.8,S. horneri,0,16,128,0.128,0.006918919
5/11/22,2,Cissy,2,37,18.5,,,8.8,S. horneri,0,32,,,
5/11/22,2,Cissy,2,37,18.5,,,8.8,S. horneri,0,64,,,
5/11/22,2,Cissy,2,37,18.5,,,8.8,S. horneri,1,128,,,
5/11/22,2,Cissy,2,37,18.5,,,8.8,S. horneri,0,256,,,
5/11/22,2,Cissy,2,37,18.5,,,8.8,S. horneri,0,512,,,
5/11/22,2,Cissy,2,37,18.5,,,8.8,S. horneri,0,1000,,,
5/11/22,2,Cissy,2,37,18.5,,,8.8,S. horneri,0,2000,,,
5/11/22,2,Cissy,2,37,18.5,,,8.8,S. horneri,0,4000,,,
5/11/22,2,Cissy,2,37,18.5,,,8.8,S. horneri,0,8000,,,
5/11/22,2,Cissy,3,33,19.9,,,8.8,S. horneri,0,16,0,0,0
5/11/22,2,Cissy,3,33,19.9,,,8.8,S. horneri,0,32,,,
5/11/22,2,Cissy,3,33,19.9,,,8.8,S. horneri,0,64,,,
5/11/22,2,Cissy,3,33,19.9,,,8.8,S. horneri,0,128,,,
5/11/22,2,Cissy,3,33,19.9,,,8.8,S. horneri,0,256,,,
5/11/22,2,Cissy,3,33,19.9,,,8.8,S. horneri,0,512,,,
5/11/22,2,Cissy,3,33,19.9,,,8.8,S. horneri,0,1000,,,
5/11/22,2,Cissy,3,33,19.9,,,8.8,S. horneri,0,2000,,,
5/11/22,2,Cissy,3,33,19.9,,,8.8,S. horneri,0,4000,,,
5/11/22,2,Cissy,3,33,19.9,,,8.8,S. horneri,0,8000,,,
5/10/22,2,Redeye,1,16,26,,,8.9,M. pyrifera ,0,16,11984,11.984,0.460923077
5/10/22,2,Redeye,1,16,26,,,8.9,M. pyrifera ,2,32,,,
5/10/22,2,Redeye,1,16,26,,,8.9,M. pyrifera ,4,64,,,
5/10/22,2,Redeye,1,16,26,,,8.9,M. pyrifera ,1,128,,,
5/10/22,2,Redeye,1,16,26,,,8.9,M. pyrifera ,0,256,,,
5/10/22,2,Redeye,1,16,26,,,8.9,M. pyrifera ,3,512,,,
5/10/22,2,Redeye,1,16,26,,,8.9,M. pyrifera ,0,1000,,,
5/10/22,2,Redeye,1,16,26,,,8.9,M. pyrifera ,3,2000,,,
5/10/22,2,Redeye,1,16,26,,,8.9,M. pyrifera ,1,4000,,,
5/10/22,2,Redeye,1,16,26,,,8.9,M. pyrifera ,0,8000,,,
5/10/22,2,Redeye,2,32,23,,,8.9,M. pyrifera ,0,16,4560,4.56,0.19826087
5/10/22,2,Redeye,2,32,23,,,8.9,M. pyrifera ,0,32,,,
5/10/22,2,Redeye,2,32,23,,,8.9,M. pyrifera ,0,64,,,
5/10/22,2,Redeye,2,32,23,,,8.9,M. pyrifera ,0,128,,,
5/10/22,2,Redeye,2,32,23,,,8.9,M. pyrifera ,4,256,,,
5/10/22,2,Redeye,2,32,23,,,8.9,M. pyrifera ,3,512,,,
5/10/22,2,Redeye,2,32,23,,,8.9,M. pyrifera ,2,1000,,,
5/10/22,2,Redeye,2,32,23,,,8.9,M. pyrifera ,0,2000,,,
5/10/22,2,Redeye,2,32,23,,,8.9,M. pyrifera ,0,4000,,,
5/10/22,2,Redeye,2,32,23,,,8.9,M. pyrifera ,0,8000,,,
5/10/22,2,Redeye,3,42,22,,,8.9,M. pyrifera ,0,16,9248,9.248,0.420363636
5/10/22,2,Redeye,3,42,22,,,8.9,M. pyrifera ,3,32,,,
5/10/22,2,Redeye,3,42,22,,,8.9,M. pyrifera ,4,64,,,
5/10/22,2,Redeye,3,42,22,,,8.9,M. pyrifera ,7,128,,,
5/10/22,2,Redeye,3,42,22,,,8.9,M. pyrifera ,0,256,,,
5/10/22,2,Redeye,3,42,22,,,8.9,M. pyrifera ,0,512,,,
5/10/22,2,Redeye,3,42,22,,,8.9,M. pyrifera ,2,1000,,,
5/10/22,2,Redeye,3,42,22,,,8.9,M. pyrifera ,1,2000,,,
5/10/22,2,Redeye,3,42,22,,,8.9,M. pyrifera ,1,4000,,,
5/10/22,2,Redeye,3,42,22,,,8.9,M. pyrifera ,0,8000,,,
5/10/22,2,Redeye,1,16,26,,,8.9,S. horneri,0,16,0,0,0
5/10/22,2,Redeye,1,16,26,,,8.9,S. horneri,0,32,,,
5/10/22,2,Redeye,1,16,26,,,8.9,S. horneri,0,64,,,
5/10/22,2,Redeye,1,16,26,,,8.9,S. horneri,0,128,,,
5/10/22,2,Redeye,1,16,26,,,8.9,S. horneri,0,256,,,
5/10/22,2,Redeye,1,16,26,,,8.9,S. horneri,0,512,,,
5/10/22,2,Redeye,1,16,26,,,8.9,S. horneri,0,1000,,,
5/10/22,2,Redeye,1,16,26,,,8.9,S. horneri,0,2000,,,
5/10/22,2,Redeye,1,16,26,,,8.9,S. horneri,0,4000,,,
5/10/22,2,Redeye,1,16,26,,,8.9,S. horneri,0,8000,,,
5/10/22,2,Redeye,2,32,23,,,8.9,S. horneri,0,16,0,0,0
5/10/22,2,Redeye,2,32,23,,,8.9,S. horneri,0,32,,,
5/10/22,2,Redeye,2,32,23,,,8.9,S. horneri,0,64,,,
5/10/22,2,Redeye,2,32,23,,,8.9,S. horneri,0,128,,,
5/10/22,2,Redeye,2,32,23,,,8.9,S. horneri,0,256,,,
5/10/22,2,Redeye,2,32,23,,,8.9,S. horneri,0,512,,,
5/10/22,2,Redeye,2,32,23,,,8.9,S. horneri,0,1000,,,
5/10/22,2,Redeye,2,32,23,,,8.9,S. horneri,0,2000,,,
5/10/22,2,Redeye,2,32,23,,,8.9,S. horneri,0,4000,,,
5/10/22,2,Redeye,2,32,23,,,8.9,S. horneri,0,8000,,,
5/10/22,2,Redeye,3,42,22,,,8.9,S. horneri,0,16,0,0,0
5/10/22,2,Redeye,3,42,22,,,8.9,S. horneri,0,32,,,
5/10/22,2,Redeye,3,42,22,,,8.9,S. horneri,0,64,,,
5/10/22,2,Redeye,3,42,22,,,8.9,S. horneri,0,128,,,
5/10/22,2,Redeye,3,42,22,,,8.9,S. horneri,0,256,,,
5/10/22,2,Redeye,3,42,22,,,8.9,S. horneri,0,512,,,
5/10/22,2,Redeye,3,42,22,,,8.9,S. horneri,0,1000,,,
5/10/22,2,Redeye,3,42,22,,,8.9,S. horneri,0,2000,,,
5/10/22,2,Redeye,3,42,22,,,8.9,S. horneri,0,4000,,,
5/10/22,2,Redeye,3,42,22,,,8.9,S. horneri,0,8000,,,
5/10/22,2,Tender,1,50,51,,,8.8,M. pyrifera ,2,16,8992,8.992,0.176313725
5/10/22,2,Tender,1,50,51,,,8.8,M. pyrifera ,22,32,,,
5/10/22,2,Tender,1,50,51,,,8.8,M. pyrifera ,23,64,,,
5/10/22,2,Tender,1,50,51,,,8.8,M. pyrifera ,23,128,,,
5/10/22,2,Tender,1,50,51,,,8.8,M. pyrifera ,11,256,,,
5/10/22,2,Tender,1,50,51,,,8.8,M. pyrifera ,2,512,,,
5/10/22,2,Tender,1,50,51,,,8.8,M. pyrifera ,0,1000,,,
5/10/22,2,Tender,1,50,51,,,8.8,M. pyrifera ,0,2000,,,
5/10/22,2,Tender,1,50,51,,,8.8,M. pyrifera ,0,4000,,,
5/10/22,2,Tender,1,50,51,,,8.8,M. pyrifera ,0,8000,,,
5/10/22,2,Tender,2,24,50,,,8.8,M. pyrifera ,0,16,27360,27.36,0.5472
5/10/22,2,Tender,2,24,50,,,8.8,M. pyrifera ,15,32,,,
5/10/22,2,Tender,2,24,50,,,8.8,M. pyrifera ,36,64,,,
5/10/22,2,Tender,2,24,50,,,8.8,M. pyrifera ,29,128,,,
5/10/22,2,Tender,2,24,50,,,8.8,M. pyrifera ,7,256,,,
5/10/22,2,Tender,2,24,50,,,8.8,M. pyrifera ,6,512,,,
5/10/22,2,Tender,2,24,50,,,8.8,M. pyrifera ,6,1000,,,
5/10/22,2,Tender,2,24,50,,,8.8,M. pyrifera ,1,2000,,,
5/10/22,2,Tender,2,24,50,,,8.8,M. pyrifera ,0,4000,,,
5/10/22,2,Tender,2,24,50,,,8.8,M. pyrifera ,1,8000,,,
5/10/22,2,Tender,3,na,45,,,8.8,M. pyrifera ,6,16,17296,17.296,0.384355556
5/10/22,2,Tender,3,na,45,,,8.8,M. pyrifera ,27,32,,,
5/10/22,2,Tender,3,na,45,,,8.8,M. pyrifera ,23,64,,,
5/10/22,2,Tender,3,na,45,,,8.8,M. pyrifera ,22,128,,,
5/10/22,2,Tender,3,na,45,,,8.8,M. pyrifera ,4,256,,,
5/10/22,2,Tender,3,na,45,,,8.8,M. pyrifera ,2,512,,,
5/10/22,2,Tender,3,na,45,,,8.8,M. pyrifera ,4,1000,,,
5/10/22,2,Tender,3,na,45,,,8.8,M. pyrifera ,1,2000,,,
5/10/22,2,Tender,3,na,45,,,8.8,M. pyrifera ,1,4000,,,
5/10/22,2,Tender,3,na,45,,,8.8,M. pyrifera ,0,8000,,,
5/10/22,2,Tender,1,26,23,,,7.7,M. pyrifera ,0,16,960,0.96,0.04173913
5/10/22,2,Tender,1,26,23,,,7.7,M. pyrifera ,4,32,,,
5/10/22,2,Tender,1,26,23,,,7.7,M. pyrifera ,5,64,,,
5/10/22,2,Tender,1,26,23,,,7.7,M. pyrifera ,2,128,,,
5/10/22,2,Tender,1,26,23,,,7.7,M. pyrifera ,1,256,,,
5/10/22,2,Tender,1,26,23,,,7.7,M. pyrifera ,0,512,,,
5/10/22,2,Tender,1,26,23,,,7.7,M. pyrifera ,0,1000,,,
5/10/22,2,Tender,1,26,23,,,7.7,M. pyrifera ,0,2000,,,
5/10/22,2,Tender,1,26,23,,,7.7,M. pyrifera ,0,4000,,,
5/10/22,2,Tender,1,26,23,,,7.7,M. pyrifera ,0,8000,,,
5/10/22,2,Tender,2,37,24,,,7.7,M. pyrifera ,1,16,1424,1.424,0.059333333
5/10/22,2,Tender,2,37,24,,,7.7,M. pyrifera ,12,32,,,
5/10/22,2,Tender,2,37,24,,,7.7,M. pyrifera ,6,64,,,
5/10/22,2,Tender,2,37,24,,,7.7,M. pyrifera ,5,128,,,
5/10/22,2,Tender,2,37,24,,,7.7,M. pyrifera ,0,256,,,
5/10/22,2,Tender,2,37,24,,,7.7,M. pyrifera ,0,512,,,
5/10/22,2,Tender,2,37,24,,,7.7,M. pyrifera ,0,1000,,,
5/10/22,2,Tender,2,37,24,,,7.7,M. pyrifera ,0,2000,,,
5/10/22,2,Tender,2,37,24,,,7.7,M. pyrifera ,0,4000,,,
5/10/22,2,Tender,2,37,24,,,7.7,M. pyrifera ,0,8000,,,
5/10/22,2,Tender,3,46,27,,,7.7,M. pyrifera ,2,16,1088,1.088,0.040296296
5/10/22,2,Tender,3,46,27,,,7.7,M. pyrifera ,3,32,,,
5/10/22,2,Tender,3,46,27,,,7.7,M. pyrifera ,7,64,,,
5/10/22,2,Tender,3,46,27,,,7.7,M. pyrifera ,4,128,,,
5/10/22,2,Tender,3,46,27,,,7.7,M. pyrifera ,0,256,,,
5/10/22,2,Tender,3,46,27,,,7.7,M. pyrifera ,0,512,,,
5/10/22,2,Tender,3,46,27,,,7.7,M. pyrifera ,0,1000,,,
5/10/22,2,Tender,3,46,27,,,7.7,M. pyrifera ,0,2000,,,
5/10/22,2,Tender,3,46,27,,,7.7,M. pyrifera ,0,4000,,,
5/10/22,2,Tender,3,46,27,,,7.7,M. pyrifera ,0,8000,,,
5/10/22,2,Tender,1,50,51,,,8.8,S. horneri,0,16,0,0,0
5/10/22,2,Tender,1,50,51,,,8.8,S. horneri,0,32,,,
5/10/22,2,Tender,1,50,51,,,8.8,S. horneri,0,64,,,
5/10/22,2,Tender,1,50,51,,,8.8,S. horneri,0,128,,,
5/10/22,2,Tender,1,50,51,,,8.8,S. horneri,0,256,,,
5/10/22,2,Tender,1,50,51,,,8.8,S. horneri,0,512,,,
5/10/22,2,Tender,1,50,51,,,8.8,S. horneri,0,1000,,,
5/10/22,2,Tender,1,50,51,,,8.8,S. horneri,0,2000,,,
5/10/22,2,Tender,1,50,51,,,8.8,S. horneri,0,4000,,,
5/10/22,2,Tender,1,50,51,,,8.8,S. horneri,0,8000,,,
5/10/22,2,Tender,2,24,50,,,8.8,S. horneri,0,16,0,0,0
5/10/22,2,Tender,2,24,50,,,8.8,S. horneri,0,32,,,
5/10/22,2,Tender,2,24,50,,,8.8,S. horneri,0,64,,,
5/10/22,2,Tender,2,24,50,,,8.8,S. horneri,0,128,,,
5/10/22,2,Tender,2,24,50,,,8.8,S. horneri,0,256,,,
5/10/22,2,Tender,2,24,50,,,8.8,S. horneri,0,512,,,
5/10/22,2,Tender,2,24,50,,,8.8,S. horneri,0,1000,,,
5/10/22,2,Tender,2,24,50,,,8.8,S. horneri,0,2000,,,
5/10/22,2,Tender,2,24,50,,,8.8,S. horneri,0,4000,,,
5/10/22,2,Tender,2,24,50,,,8.8,S. horneri,0,8000,,,
5/10/22,2,Tender,3,na,45,,,8.8,S. horneri,0,16,0,0,0
5/10/22,2,Tender,3,na,45,,,8.8,S. horneri,0,32,,,
5/10/22,2,Tender,3,na,45,,,8.8,S. horneri,0,64,,,
5/10/22,2,Tender,3,na,45,,,8.8,S. horneri,0,128,,,
5/10/22,2,Tender,3,na,45,,,8.8,S. horneri,0,256,,,
5/10/22,2,Tender,3,na,45,,,8.8,S. horneri,0,512,,,
5/10/22,2,Tender,3,na,45,,,8.8,S. horneri,0,1000,,,
5/10/22,2,Tender,3,na,45,,,8.8,S. horneri,0,2000,,,
5/10/22,2,Tender,3,na,45,,,8.8,S. horneri,0,4000,,,
5/10/22,2,Tender,3,na,45,,,8.8,S. horneri,0,8000,,,
5/10/22,2,Tender,1,26,23,,,7.7,S. horneri,0,16,0,0,0
5/10/22,2,Tender,1,26,23,,,7.7,S. horneri,0,32,,,
5/10/22,2,Tender,1,26,23,,,7.7,S. horneri,0,64,,,
5/10/22,2,Tender,1,26,23,,,7.7,S. horneri,0,128,,,
5/10/22,2,Tender,1,26,23,,,7.7,S. horneri,0,256,,,
5/10/22,2,Tender,1,26,23,,,7.7,S. horneri,0,512,,,
5/10/22,2,Tender,1,26,23,,,7.7,S. horneri,0,1000,,,
5/10/22,2,Tender,1,26,23,,,7.7,S. horneri,0,2000,,,
5/10/22,2,Tender,1,26,23,,,7.7,S. horneri,0,4000,,,
5/10/22,2,Tender,1,26,23,,,7.7,S. horneri,0,8000,,,
5/10/22,2,Tender,2,37,24,,,7.7,S. horneri,0,16,0,0,0
5/10/22,2,Tender,2,37,24,,,7.7,S. horneri,0,32,,,
5/10/22,2,Tender,2,37,24,,,7.7,S. horneri,0,64,,,
5/10/22,2,Tender,2,37,24,,,7.7,S. horneri,0,128,,,
5/10/22,2,Tender,2,37,24,,,7.7,S. horneri,0,256,,,
5/10/22,2,Tender,2,37,24,,,7.7,S. horneri,0,512,,,
5/10/22,2,Tender,2,37,24,,,7.7,S. horneri,0,1000,,,
5/10/22,2,Tender,2,37,24,,,7.7,S. horneri,0,2000,,,
5/10/22,2,Tender,2,37,24,,,7.7,S. horneri,0,4000,,,
5/10/22,2,Tender,2,37,24,,,7.7,S. horneri,0,8000,,,
5/10/22,2,Tender,3,46,27,,,7.7,S. horneri,0,16,0,0,0
5/10/22,2,Tender,3,46,27,,,7.7,S. horneri,0,32,,,
5/10/22,2,Tender,3,46,27,,,7.7,S. horneri,0,64,,,
5/10/22,2,Tender,3,46,27,,,7.7,S. horneri,0,128,,,
5/10/22,2,Tender,3,46,27,,,7.7,S. horneri,0,256,,,
5/10/22,2,Tender,3,46,27,,,7.7,S. horneri,0,512,,,
5/10/22,2,Tender,3,46,27,,,7.7,S. horneri,0,1000,,,
5/10/22,2,Tender,3,46,27,,,7.7,S. horneri,0,2000,,,
5/10/22,2,Tender,3,46,27,,,7.7,S. horneri,0,4000,,,
5/10/22,2,Tender,3,46,27,,,7.7,S. horneri,0,8000,,,
9/13/22,3,Artist,1,20,6,18.5,6,,M. pyrifera ,1,16,16,0.016,0.002666667
9/13/22,3,Artist,1,20,6,18.5,6,,M. pyrifera ,0,32,,,
9/13/22,3,Artist,1,20,6,18.5,6,,M. pyrifera ,0,64,,,
9/13/22,3,Artist,1,20,6,18.5,6,,M. pyrifera ,0,128,,,
9/13/22,3,Artist,1,20,6,18.5,6,,M. pyrifera ,0,256,,,
9/13/22,3,Artist,1,20,6,18.5,6,,M. pyrifera ,0,512,,,
9/13/22,3,Artist,1,20,6,18.5,6,,M. pyrifera ,0,1000,,,
9/13/22,3,Artist,1,20,6,18.5,6,,M. pyrifera ,0,2000,,,
9/13/22,3,Artist,1,20,6,18.5,6,,M. pyrifera ,0,4000,,,
9/13/22,3,Artist,1,20,6,18.5,6,,M. pyrifera ,0,8000,,,
9/13/22,3,Artist,2,24,6.4,14.1,9.2,,M. pyrifera ,0,16,32,0.032,0.005
9/13/22,3,Artist,2,24,6.4,14.1,9.2,,M. pyrifera ,1,32,,,
9/13/22,3,Artist,2,24,6.4,14.1,9.2,,M. pyrifera ,0,64,,,
9/13/22,3,Artist,2,24,6.4,14.1,9.2,,M. pyrifera ,0,128,,,
9/13/22,3,Artist,2,24,6.4,14.1,9.2,,M. pyrifera ,0,256,,,
9/13/22,3,Artist,2,24,6.4,14.1,9.2,,M. pyrifera ,0,512,,,
9/13/22,3,Artist,2,24,6.4,14.1,9.2,,M. pyrifera ,0,1000,,,
9/13/22,3,Artist,2,24,6.4,14.1,9.2,,M. pyrifera ,0,2000,,,
9/13/22,3,Artist,2,24,6.4,14.1,9.2,,M. pyrifera ,0,4000,,,
9/13/22,3,Artist,2,24,6.4,14.1,9.2,,M. pyrifera ,0,8000,,,
9/13/22,3,Artist,3,48,6.3,12.6,7.6,,M. pyrifera ,1,16,1944,1.944,0.308571429
9/13/22,3,Artist,3,48,6.3,12.6,7.6,,M. pyrifera ,3,32,,,
9/13/22,3,Artist,3,48,6.3,12.6,7.6,,M. pyrifera ,5,64,,,
9/13/22,3,Artist,3,48,6.3,12.6,7.6,,M. pyrifera ,2,128,,,
9/13/22,3,Artist,3,48,6.3,12.6,7.6,,M. pyrifera ,1,256,,,
9/13/22,3,Artist,3,48,6.3,12.6,7.6,,M. pyrifera ,0,512,,,
9/13/22,3,Artist,3,48,6.3,12.6,7.6,,M. pyrifera ,1,1000,,,
9/13/22,3,Artist,3,48,6.3,12.6,7.6,,M. pyrifera ,0,2000,,,
9/13/22,3,Artist,3,48,6.3,12.6,7.6,,M. pyrifera ,0,4000,,,
9/13/22,3,Artist,3,48,6.3,12.6,7.6,,M. pyrifera ,0,8000,,,
9/13/22,3,Artist,1,20,6,18.5,6,,S. horneri,0,16,0,0,0
9/13/22,3,Artist,1,20,6,18.5,6,,S. horneri,0,32,,,
9/13/22,3,Artist,1,20,6,18.5,6,,S. horneri,0,64,,,
9/13/22,3,Artist,1,20,6,18.5,6,,S. horneri,0,128,,,
9/13/22,3,Artist,1,20,6,18.5,6,,S. horneri,0,256,,,
9/13/22,3,Artist,1,20,6,18.5,6,,S. horneri,0,512,,,
9/13/22,3,Artist,1,20,6,18.5,6,,S. horneri,0,1000,,,
9/13/22,3,Artist,1,20,6,18.5,6,,S. horneri,0,2000,,,
9/13/22,3,Artist,1,20,6,18.5,6,,S. horneri,0,4000,,,
9/13/22,3,Artist,1,20,6,18.5,6,,S. horneri,0,8000,,,
9/13/22,3,Artist,2,24,6.4,14.1,9.2,,S. horneri,0,16,0,0,0
9/13/22,3,Artist,2,24,6.4,14.1,9.2,,S. horneri,0,32,,,
9/13/22,3,Artist,2,24,6.4,14.1,9.2,,S. horneri,0,64,,,
9/13/22,3,Artist,2,24,6.4,14.1,9.2,,S. horneri,0,128,,,
9/13/22,3,Artist,2,24,6.4,14.1,9.2,,S. horneri,0,256,,,
9/13/22,3,Artist,2,24,6.4,14.1,9.2,,S. horneri,0,512,,,
9/13/22,3,Artist,2,24,6.4,14.1,9.2,,S. horneri,0,1000,,,
9/13/22,3,Artist,2,24,6.4,14.1,9.2,,S. horneri,0,2000,,,
9/13/22,3,Artist,2,24,6.4,14.1,9.2,,S. horneri,0,4000,,,
9/13/22,3,Artist,2,24,6.4,14.1,9.2,,S. horneri,0,8000,,,
9/13/22,3,Artist,3,48,6.3,12.6,7.6,,S. horneri,0,16,1000,1,0.158730159
9/13/22,3,Artist,3,48,6.3,12.6,7.6,,S. horneri,0,32,,,
9/13/22,3,Artist,3,48,6.3,12.6,7.6,,S. horneri,0,64,,,
9/13/22,3,Artist,3,48,6.3,12.6,7.6,,S. horneri,0,128,,,
9/13/22,3,Artist,3,48,6.3,12.6,7.6,,S. horneri,0,256,,,
9/13/22,3,Artist,3,48,6.3,12.6,7.6,,S. horneri,0,512,,,
9/13/22,3,Artist,3,48,6.3,12.6,7.6,,S. horneri,1,1000,,,
9/13/22,3,Artist,3,48,6.3,12.6,7.6,,S. horneri,0,2000,,,
9/13/22,3,Artist,3,48,6.3,12.6,7.6,,S. horneri,0,4000,,,
9/13/22,3,Artist,3,48,6.3,12.6,7.6,,S. horneri,0,8000,,,
9/13/22,3,Cissy,1,30,13,15.6,7.9,,M. pyrifera ,3,16,304,0.304,0.023384615
9/13/22,3,Cissy,1,30,13,15.6,7.9,,M. pyrifera ,6,32,,,
9/13/22,3,Cissy,1,30,13,15.6,7.9,,M. pyrifera ,1,64,,,
9/13/22,3,Cissy,1,30,13,15.6,7.9,,M. pyrifera ,0,128,,,
9/13/22,3,Cissy,1,30,13,15.6,7.9,,M. pyrifera ,0,256,,,
9/13/22,3,Cissy,1,30,13,15.6,7.9,,M. pyrifera ,0,512,,,
9/13/22,3,Cissy,1,30,13,15.6,7.9,,M. pyrifera ,0,1000,,,
9/13/22,3,Cissy,1,30,13,15.6,7.9,,M. pyrifera ,0,2000,,,
9/13/22,3,Cissy,1,30,13,15.6,7.9,,M. pyrifera ,0,4000,,,
9/13/22,3,Cissy,1,30,13,15.6,7.9,,M. pyrifera ,0,8000,,,
9/13/22,3,Cissy,2,23,13.2,7.72,9.9,,M. pyrifera ,1,16,496,0.496,0.037575758
9/13/22,3,Cissy,2,23,13.2,7.72,9.9,,M. pyrifera ,1,32,,,
9/13/22,3,Cissy,2,23,13.2,7.72,9.9,,M. pyrifera ,1,64,,,
9/13/22,3,Cissy,2,23,13.2,7.72,9.9,,M. pyrifera ,3,128,,,
9/13/22,3,Cissy,2,23,13.2,7.72,9.9,,M. pyrifera ,0,256,,,
9/13/22,3,Cissy,2,23,13.2,7.72,9.9,,M. pyrifera ,0,512,,,
9/13/22,3,Cissy,2,23,13.2,7.72,9.9,,M. pyrifera ,0,1000,,,
9/13/22,3,Cissy,2,23,13.2,7.72,9.9,,M. pyrifera ,0,2000,,,
9/13/22,3,Cissy,2,23,13.2,7.72,9.9,,M. pyrifera ,0,4000,,,
9/13/22,3,Cissy,2,23,13.2,7.72,9.9,,M. pyrifera ,0,8000,,,
9/13/22,3,Cissy,3,11,12.5,14.4,9.7,,M. pyrifera ,1,16,112,0.112,0.00896
9/13/22,3,Cissy,3,11,12.5,14.4,9.7,,M. pyrifera ,1,32,,,
9/13/22,3,Cissy,3,11,12.5,14.4,9.7,,M. pyrifera ,1,64,,,
9/13/22,3,Cissy,3,11,12.5,14.4,9.7,,M. pyrifera ,0,128,,,
9/13/22,3,Cissy,3,11,12.5,14.4,9.7,,M. pyrifera ,0,256,,,
9/13/22,3,Cissy,3,11,12.5,14.4,9.7,,M. pyrifera ,0,512,,,
9/13/22,3,Cissy,3,11,12.5,14.4,9.7,,M. pyrifera ,0,1000,,,
9/13/22,3,Cissy,3,11,12.5,14.4,9.7,,M. pyrifera ,0,2000,,,
9/13/22,3,Cissy,3,11,12.5,14.4,9.7,,M. pyrifera ,0,4000,,,
9/13/22,3,Cissy,3,11,12.5,14.4,9.7,,M. pyrifera ,0,8000,,,
9/13/22,3,Cissy,1,30,13,15.6,7.9,,S. horneri,0,16,0,0,0
9/13/22,3,Cissy,1,30,13,15.6,7.9,,S. horneri,0,32,,,
9/13/22,3,Cissy,1,30,13,15.6,7.9,,S. horneri,0,64,,,
9/13/22,3,Cissy,1,30,13,15.6,7.9,,S. horneri,0,128,,,
9/13/22,3,Cissy,1,30,13,15.6,7.9,,S. horneri,0,256,,,
9/13/22,3,Cissy,1,30,13,15.6,7.9,,S. horneri,0,512,,,
9/13/22,3,Cissy,1,30,13,15.6,7.9,,S. horneri,0,1000,,,
9/13/22,3,Cissy,1,30,13,15.6,7.9,,S. horneri,0,2000,,,
9/13/22,3,Cissy,1,30,13,15.6,7.9,,S. horneri,0,4000,,,
9/13/22,3,Cissy,1,30,13,15.6,7.9,,S. horneri,0,8000,,,
9/13/22,3,Cissy,2,23,13.2,7.72,9.9,,S. horneri,0,16,0,0,0
9/13/22,3,Cissy,2,23,13.2,7.72,9.9,,S. horneri,0,32,,,
9/13/22,3,Cissy,2,23,13.2,7.72,9.9,,S. horneri,0,64,,,
9/13/22,3,Cissy,2,23,13.2,7.72,9.9,,S. horneri,0,128,,,
9/13/22,3,Cissy,2,23,13.2,7.72,9.9,,S. horneri,0,256,,,
9/13/22,3,Cissy,2,23,13.2,7.72,9.9,,S. horneri,0,512,,,
9/13/22,3,Cissy,2,23,13.2,7.72,9.9,,S. horneri,0,1000,,,
9/13/22,3,Cissy,2,23,13.2,7.72,9.9,,S. horneri,0,2000,,,
9/13/22,3,Cissy,2,23,13.2,7.72,9.9,,S. horneri,0,4000,,,
9/13/22,3,Cissy,2,23,13.2,7.72,9.9,,S. horneri,0,8000,,,
9/13/22,3,Cissy,3,11,12.5,14.4,9.7,,S. horneri,0,16,0,0,0
9/13/22,3,Cissy,3,11,12.5,14.4,9.7,,S. horneri,0,32,,,
9/13/22,3,Cissy,3,11,12.5,14.4,9.7,,S. horneri,0,64,,,
9/13/22,3,Cissy,3,11,12.5,14.4,9.7,,S. horneri,0,128,,,
9/13/22,3,Cissy,3,11,12.5,14.4,9.7,,S. horneri,0,256,,,
9/13/22,3,Cissy,3,11,12.5,14.4,9.7,,S. horneri,0,512,,,
9/13/22,3,Cissy,3,11,12.5,14.4,9.7,,S. horneri,0,1000,,,
9/13/22,3,Cissy,3,11,12.5,14.4,9.7,,S. horneri,0,2000,,,
9/13/22,3,Cissy,3,11,12.5,14.4,9.7,,S. horneri,0,4000,,,
9/13/22,3,Cissy,3,11,12.5,14.4,9.7,,S. horneri,0,8000,,,
9/14/22,3,Redeye,1,7,25.5,,,,M. pyrifera ,3,16,688,0.688,0.026980392
9/14/22,3,Redeye,1,7,25.5,,,,M. pyrifera ,4,32,,,
9/14/22,3,Redeye,1,7,25.5,,,,M. pyrifera ,4,64,,,
9/14/22,3,Redeye,1,7,25.5,,,,M. pyrifera ,0,256,,,
9/14/22,3,Redeye,1,7,25.5,,,,M. pyrifera ,2,128,,,
9/14/22,3,Redeye,1,7,25.5,,,,M. pyrifera ,0,512,,,
9/14/22,3,Redeye,1,7,25.5,,,,M. pyrifera ,0,1000,,,
9/14/22,3,Redeye,1,7,25.5,,,,M. pyrifera ,0,2000,,,
9/14/22,3,Redeye,1,7,25.5,,,,M. pyrifera ,0,4000,,,
9/14/22,3,Redeye,1,7,25.5,,,,M. pyrifera ,0,8000,,,
9/14/22,3,Redeye,2,21,21.4,,,,M. pyrifera ,1,16,15384,15.384,0.718878505
9/14/22,3,Redeye,2,21,21.4,,,,M. pyrifera ,6,32,,,
9/14/22,3,Redeye,2,21,21.4,,,,M. pyrifera ,6,64,,,
9/14/22,3,Redeye,2,21,21.4,,,,M. pyrifera ,6,128,,,
9/14/22,3,Redeye,2,21,21.4,,,,M. pyrifera ,0,256,,,
9/14/22,3,Redeye,2,21,21.4,,,,M. pyrifera ,2,512,,,
9/14/22,3,Redeye,2,21,21.4,,,,M. pyrifera ,1,1000,,,
9/14/22,3,Redeye,2,21,21.4,,,,M. pyrifera ,2,2000,,,
9/14/22,3,Redeye,2,21,21.4,,,,M. pyrifera ,0,4000,,,
9/14/22,3,Redeye,2,21,21.4,,,,M. pyrifera ,1,8000,,,
9/14/22,3,Redeye,3,30,23.5,,,,M. pyrifera ,0,16,3776,3.776,0.160680851
9/14/22,3,Redeye,3,30,23.5,,,,M. pyrifera ,6,32,,,
9/14/22,3,Redeye,3,30,23.5,,,,M. pyrifera ,6,64,,,
9/14/22,3,Redeye,3,30,23.5,,,,M. pyrifera ,1,128,,,
9/14/22,3,Redeye,3,30,23.5,,,,M. pyrifera ,2,256,,,
9/14/22,3,Redeye,3,30,23.5,,,,M. pyrifera ,5,512,,,
9/14/22,3,Redeye,3,30,23.5,,,,M. pyrifera ,0,1000,,,
9/14/22,3,Redeye,3,30,23.5,,,,M. pyrifera ,0,2000,,,
9/14/22,3,Redeye,3,30,23.5,,,,M. pyrifera ,0,4000,,,
9/14/22,3,Redeye,3,30,23.5,,,,M. pyrifera ,0,8000,,,
9/14/22,3,Redeye,1,7,25.5,,,,S. horneri,0,16,0,0,0
9/14/22,3,Redeye,1,7,25.5,,,,S. horneri,0,32,,,
9/14/22,3,Redeye,1,7,25.5,,,,S. horneri,0,64,,,
9/14/22,3,Redeye,1,7,25.5,,,,S. horneri,0,256,,,
9/14/22,3,Redeye,1,7,25.5,,,,S. horneri,0,128,,,
9/14/22,3,Redeye,1,7,25.5,,,,S. horneri,0,512,,,
9/14/22,3,Redeye,1,7,25.5,,,,S. horneri,0,1000,,,
9/14/22,3,Redeye,1,7,25.5,,,,S. horneri,0,2000,,,
9/14/22,3,Redeye,1,7,25.5,,,,S. horneri,0,4000,,,
9/14/22,3,Redeye,1,7,25.5,,,,S. horneri,0,8000,,,
9/14/22,3,Redeye,2,21,21.4,,,,S. horneri,0,16,544,0.544,0.025420561
9/15/22,3,Redeye,2,21,21.4,,,,S. horneri,1,32,,,
9/16/22,3,Redeye,2,21,21.4,,,,S. horneri,2,64,,,
9/16/22,3,Redeye,2,21,21.4,,,,S. horneri,0,256,,,
9/17/22,3,Redeye,2,21,21.4,,,,S. horneri,3,128,,,
9/18/22,3,Redeye,2,21,21.4,,,,S. horneri,0,512,,,
9/19/22,3,Redeye,2,21,21.4,,,,S. horneri,0,1000,,,
9/20/22,3,Redeye,2,21,21.4,,,,S. horneri,0,2000,,,
9/21/22,3,Redeye,2,21,21.4,,,,S. horneri,0,4000,,,
9/22/22,3,Redeye,2,21,21.4,,,,S. horneri,0,8000,,,
9/14/22,3,Redeye,3,30,23.5,,,,S. horneri,0,16,0,0,0
9/14/22,3,Redeye,3,30,23.5,,,,S. horneri,0,32,,,
9/14/22,3,Redeye,3,30,23.5,,,,S. horneri,0,64,,,
9/14/22,3,Redeye,3,30,23.5,,,,S. horneri,0,128,,,
9/14/22,3,Redeye,3,30,23.5,,,,S. horneri,0,256,,,
9/14/22,3,Redeye,3,30,23.5,,,,S. horneri,0,512,,,
9/14/22,3,Redeye,3,30,23.5,,,,S. horneri,0,1000,,,
9/14/22,3,Redeye,3,30,23.5,,,,S. horneri,0,2000,,,
9/14/22,3,Redeye,3,30,23.5,,,,S. horneri,0,4000,,,
9/14/22,3,Redeye,3,30,23.5,,,,S. horneri,0,8000,,,
9/13/22,3,Tender,1,31,57.4,11.6,0.9,,M. pyrifera ,5,16,4192,4.192,0.073031359
9/13/22,3,Tender,1,31,57.4,11.6,0.9,,M. pyrifera ,6,32,,,
9/13/22,3,Tender,1,31,57.4,11.6,0.9,,M. pyrifera ,6,64,,,
9/13/22,3,Tender,1,31,57.4,11.6,0.9,,M. pyrifera ,8,128,,,
9/13/22,3,Tender,1,31,57.4,11.6,0.9,,M. pyrifera ,2,256,,,
9/13/22,3,Tender,1,31,57.4,11.6,0.9,,M. pyrifera ,0,512,,,
9/13/22,3,Tender,1,31,57.4,11.6,0.9,,M. pyrifera ,2,1000,,,
9/13/22,3,Tender,1,31,57.4,11.6,0.9,,M. pyrifera ,0,2000,,,
9/13/22,3,Tender,1,31,57.4,11.6,0.9,,M. pyrifera ,0,4000,,,
9/13/22,3,Tender,1,31,57.4,11.6,0.9,,M. pyrifera ,0,8000,,,
9/13/22,3,Tender,2,24,59.9,5.7,1.1,,M. pyrifera ,0,16,0,0,0
9/13/22,3,Tender,2,24,59.9,5.7,1.1,,M. pyrifera ,0,32,,,
9/13/22,3,Tender,2,24,59.9,5.7,1.1,,M. pyrifera ,0,64,,,
9/13/22,3,Tender,2,24,59.9,5.7,1.1,,M. pyrifera ,0,128,,,
9/13/22,3,Tender,2,24,59.9,5.7,1.1,,M. pyrifera ,0,256,,,
9/13/22,3,Tender,2,24,59.9,5.7,1.1,,M. pyrifera ,0,512,,,
9/13/22,3,Tender,2,24,59.9,5.7,1.1,,M. pyrifera ,0,1000,,,
9/13/22,3,Tender,2,24,59.9,5.7,1.1,,M. pyrifera ,0,2000,,,
9/13/22,3,Tender,2,24,59.9,5.7,1.1,,M. pyrifera ,0,4000,,,
9/13/22,3,Tender,2,24,59.9,5.7,1.1,,M. pyrifera ,0,8000,,,
9/13/22,3,Tender,3,21,57.4,0.9,0.8,,M. pyrifera ,6,16,17080,17.08,0.297560976
9/13/22,3,Tender,3,21,57.4,0.9,0.8,,M. pyrifera ,6,32,,,
9/13/22,3,Tender,3,21,57.4,0.9,0.8,,M. pyrifera ,6,64,,,
9/13/22,3,Tender,3,21,57.4,0.9,0.8,,M. pyrifera ,7,128,,,
9/13/22,3,Tender,3,21,57.4,0.9,0.8,,M. pyrifera ,0,256,,,
9/13/22,3,Tender,3,21,57.4,0.9,0.8,,M. pyrifera ,1,512,,,
9/13/22,3,Tender,3,21,57.4,0.9,0.8,,M. pyrifera ,1,1000,,,
9/13/22,3,Tender,3,21,57.4,0.9,0.8,,M. pyrifera ,1,2000,,,
9/13/22,3,Tender,3,21,57.4,0.9,0.8,,M. pyrifera ,1,4000,,,
9/13/22,3,Tender,3,21,57.4,0.9,0.8,,M. pyrifera ,1,8000,,,
9/13/22,3,Tender,1,31,57.4,11.6,0.9,,S. horneri,0,16,256,0.256,0.00445993
9/13/22,3,Tender,1,31,57.4,11.6,0.9,,S. horneri,0,32,,,
9/13/22,3,Tender,1,31,57.4,11.6,0.9,,S. horneri,0,64,,,
9/13/22,3,Tender,1,31,57.4,11.6,0.9,,S. horneri,2,128,,,
9/13/22,3,Tender,1,31,57.4,11.6,0.9,,S. horneri,0,256,,,
9/13/22,3,Tender,1,31,57.4,11.6,0.9,,S. horneri,0,512,,,
9/13/22,3,Tender,1,31,57.4,11.6,0.9,,S. horneri,0,1000,,,
9/13/22,3,Tender,1,31,57.4,11.6,0.9,,S. horneri,0,2000,,,
9/13/22,3,Tender,1,31,57.4,11.6,0.9,,S. horneri,0,4000,,,
9/13/22,3,Tender,1,31,57.4,11.6,0.9,,S. horneri,0,8000,,,
9/13/22,3,Tender,2,24,59.9,5.7,1.1,,S. horneri,6,16,1376,1.376,0.022971619
9/13/22,3,Tender,2,24,59.9,5.7,1.1,,S. horneri,6,32,,,
9/13/22,3,Tender,2,24,59.9,5.7,1.1,,S. horneri,7,64,,,
9/13/22,3,Tender,2,24,59.9,5.7,1.1,,S. horneri,3,128,,,
9/13/22,3,Tender,2,24,59.9,5.7,1.1,,S. horneri,1,256,,,
9/13/22,3,Tender,2,24,59.9,5.7,1.1,,S. horneri,0,512,,,
9/13/22,3,Tender,2,24,59.9,5.7,1.1,,S. horneri,0,1000,,,
9/13/22,3,Tender,2,24,59.9,5.7,1.1,,S. horneri,0,2000,,,
9/13/22,3,Tender,2,24,59.9,5.7,1.1,,S. horneri,0,4000,,,
9/13/22,3,Tender,2,24,59.9,5.7,1.1,,S. horneri,0,8000,,,
9/13/22,3,Tender,3,21,57.4,0.9,0.8,,S. horneri,0,16,0,0,0
9/13/22,3,Tender,3,21,57.4,0.9,0.8,,S. horneri,0,32,,,
9/13/22,3,Tender,3,21,57.4,0.9,0.8,,S. horneri,0,64,,,
9/13/22,3,Tender,3,21,57.4,0.9,0.8,,S. horneri,0,128,,,
9/13/22,3,Tender,3,21,57.4,0.9,0.8,,S. horneri,0,256,,,
9/13/22,3,Tender,3,21,57.4,0.9,0.8,,S. horneri,0,512,,,
9/13/22,3,Tender,3,21,57.4,0.9,0.8,,S. horneri,0,1000,,,
9/13/22,3,Tender,3,21,57.4,0.9,0.8,,S. horneri,0,2000,,,
9/13/22,3,Tender,3,21,57.4,0.9,0.8,,S. horneri,0,4000,,,
9/13/22,3,Tender,3,21,57.4,0.9,0.8,,S. horneri,0,8000,,,
9/13/22,3,Tranquility,1,22,8.2,22.9,8.8,,M. pyrifera ,2,16,1224,1.224,0.149268293
9/13/22,3,Tranquility,1,22,8.2,22.9,8.8,,M. pyrifera ,2,32,,,
9/13/22,3,Tranquility,1,22,8.2,22.9,8.8,,M. pyrifera ,2,64,,,
9/13/22,3,Tranquility,1,22,8.2,22.9,8.8,,M. pyrifera ,0,128,,,
9/13/22,3,Tranquility,1,22,8.2,22.9,8.8,,M. pyrifera ,0,256,,,
9/13/22,3,Tranquility,1,22,8.2,22.9,8.8,,M. pyrifera ,0,512,,,
9/13/22,3,Tranquility,1,22,8.2,22.9,8.8,,M. pyrifera ,1,1000,,,
9/13/22,3,Tranquility,1,22,8.2,22.9,8.8,,M. pyrifera ,0,2000,,,
9/13/22,3,Tranquility,1,22,8.2,22.9,8.8,,M. pyrifera ,0,4000,,,
9/13/22,3,Tranquility,1,22,8.2,22.9,8.8,,M. pyrifera ,0,8000,,,
9/13/22,3,Tranquility,2,30,9.5,12.5,10.7,,M. pyrifera ,0,16,1384,1.384,0.145684211
9/13/22,3,Tranquility,2,30,9.5,12.5,10.7,,M. pyrifera ,0,32,,,
9/13/22,3,Tranquility,2,30,9.5,12.5,10.7,,M. pyrifera ,2,64,,,
9/13/22,3,Tranquility,2,30,9.5,12.5,10.7,,M. pyrifera ,2,128,,,
9/13/22,3,Tranquility,2,30,9.5,12.5,10.7,,M. pyrifera ,0,256,,,
9/13/22,3,Tranquility,2,30,9.5,12.5,10.7,,M. pyrifera ,0,512,,,
9/13/22,3,Tranquility,2,30,9.5,12.5,10.7,,M. pyrifera ,1,1000,,,
9/13/22,3,Tranquility,2,30,9.5,12.5,10.7,,M. pyrifera ,0,2000,,,
9/13/22,3,Tranquility,2,30,9.5,12.5,10.7,,M. pyrifera ,0,4000,,,
9/13/22,3,Tranquility,2,30,9.5,12.5,10.7,,M. pyrifera ,0,8000,,,
9/13/22,3,Tranquility,3,59,9.4,4.4,11.8,,M. pyrifera ,2,16,224,0.224,0.023829787
9/13/22,3,Tranquility,3,59,9.4,4.4,11.8,,M. pyrifera ,0,32,,,
9/13/22,3,Tranquility,3,59,9.4,4.4,11.8,,M. pyrifera ,1,64,,,
9/13/22,3,Tranquility,3,59,9.4,4.4,11.8,,M. pyrifera ,1,128,,,
9/13/22,3,Tranquility,3,59,9.4,4.4,11.8,,M. pyrifera ,0,256,,,
9/13/22,3,Tranquility,3,59,9.4,4.4,11.8,,M. pyrifera ,0,512,,,
9/13/22,3,Tranquility,3,59,9.4,4.4,11.8,,M. pyrifera ,0,1000,,,
9/13/22,3,Tranquility,3,59,9.4,4.4,11.8,,M. pyrifera ,0,2000,,,
9/13/22,3,Tranquility,3,59,9.4,4.4,11.8,,M. pyrifera ,0,4000,,,
9/13/22,3,Tranquility,3,59,9.4,4.4,11.8,,M. pyrifera ,0,8000,,,
9/13/22,3,Tranquility,1,22,8.2,22.9,8.8,,S. horneri,0,16,0,0,0
9/13/22,3,Tranquility,1,22,8.2,22.9,8.8,,S. horneri,0,32,,,
9/13/22,3,Tranquility,1,22,8.2,22.9,8.8,,S. horneri,0,64,,,
9/13/22,3,Tranquility,1,22,8.2,22.9,8.8,,S. horneri,0,128,,,
9/13/22,3,Tranquility,1,22,8.2,22.9,8.8,,S. horneri,0,256,,,
9/13/22,3,Tranquility,1,22,8.2,22.9,8.8,,S. horneri,0,512,,,
9/13/22,3,Tranquility,1,22,8.2,22.9,8.8,,S. horneri,0,1000,,,
9/13/22,3,Tranquility,1,22,8.2,22.9,8.8,,S. horneri,0,2000,,,
9/13/22,3,Tranquility,1,22,8.2,22.9,8.8,,S. horneri,0,4000,,,
9/13/22,3,Tranquility,1,22,8.2,22.9,8.8,,S. horneri,0,8000,,,
9/13/22,3,Tranquility,2,30,9.5,12.5,10.7,,S. horneri,0,16,0,0,0
9/13/22,3,Tranquility,2,30,9.5,12.5,10.7,,S. horneri,0,32,,,
9/13/22,3,Tranquility,2,30,9.5,12.5,10.7,,S. horneri,0,64,,,
9/13/22,3,Tranquility,2,30,9.5,12.5,10.7,,S. horneri,0,128,,,
9/13/22,3,Tranquility,2,30,9.5,12.5,10.7,,S. horneri,0,256,,,
9/13/22,3,Tranquility,2,30,9.5,12.5,10.7,,S. horneri,0,512,,,
9/13/22,3,Tranquility,2,30,9.5,12.5,10.7,,S. horneri,0,1000,,,
9/13/22,3,Tranquility,2,30,9.5,12.5,10.7,,S. horneri,0,2000,,,
9/13/22,3,Tranquility,2,30,9.5,12.5,10.7,,S. horneri,0,4000,,,
9/13/22,3,Tranquility,2,30,9.5,12.5,10.7,,S. horneri,0,8000,,,
9/13/22,3,Tranquility,3,59,9.4,4.4,11.8,,S. horneri,0,16,0,0,0
9/13/22,3,Tranquility,3,59,9.4,4.4,11.8,,S. horneri,0,32,,,
9/13/22,3,Tranquility,3,59,9.4,4.4,11.8,,S. horneri,0,64,,,
9/13/22,3,Tranquility,3,59,9.4,4.4,11.8,,S. horneri,0,128,,,
9/13/22,3,Tranquility,3,59,9.4,4.4,11.8,,S. horneri,0,256,,,
9/13/22,3,Tranquility,3,59,9.4,4.4,11.8,,S. horneri,0,512,,,
9/13/22,3,Tranquility,3,59,9.4,4.4,11.8,,S. horneri,0,1000,,,
9/13/22,3,Tranquility,3,59,9.4,4.4,11.8,,S. horneri,0,2000,,,
9/13/22,3,Tranquility,3,59,9.4,4.4,11.8,,S. horneri,0,4000,,,
9/13/22,3,Tranquility,3,59,9.4,4.4,11.8,,S. horneri,0,8000,,,
12/6/22,4,Artist,1,42,23,,,,M. pyrifera ,2,16,320,0.32,0.013913043
12/6/22,4,Artist,1,42,23,,,,M. pyrifera ,3,32,,,
12/6/22,4,Artist,1,42,23,,,,M. pyrifera ,3,64,,,
12/6/22,4,Artist,1,42,23,,,,M. pyrifera ,0,128,,,
12/6/22,4,Artist,1,42,23,,,,M. pyrifera ,0,256,,,
12/6/22,4,Artist,1,42,23,,,,M. pyrifera ,0,512,,,
12/6/22,4,Artist,1,42,23,,,,M. pyrifera ,0,1000,,,
12/6/22,4,Artist,1,42,23,,,,M. pyrifera ,0,2000,,,
12/6/22,4,Artist,1,42,23,,,,M. pyrifera ,0,4000,,,
12/6/22,4,Artist,1,42,23,,,,M. pyrifera ,0,8000,,,
12/6/22,4,Artist,2,18,28.6,,,,M. pyrifera ,0,16,1440,1.44,0.05034965
12/6/22,4,Artist,2,18,28.6,,,,M. pyrifera ,3,32,,,
12/6/22,4,Artist,2,18,28.6,,,,M. pyrifera ,3,64,,,
12/6/22,4,Artist,2,18,28.6,,,,M. pyrifera ,1,128,,,
12/6/22,4,Artist,2,18,28.6,,,,M. pyrifera ,0,256,,,
12/6/22,4,Artist,2,18,28.6,,,,M. pyrifera ,2,512,,,
12/6/22,4,Artist,2,18,28.6,,,,M. pyrifera ,0,1000,,,
12/6/22,4,Artist,2,18,28.6,,,,M. pyrifera ,0,2000,,,
12/6/22,4,Artist,2,18,28.6,,,,M. pyrifera ,0,4000,,,
12/6/22,4,Artist,2,18,28.6,,,,M. pyrifera ,0,8000,,,
12/6/22,4,Artist,3,3,29.8,,,,M. pyrifera ,1,16,368,0.368,0.012348993
12/6/22,4,Artist,3,3,29.8,,,,M. pyrifera ,3,32,,,
12/6/22,4,Artist,3,3,29.8,,,,M. pyrifera ,0,64,,,
12/6/22,4,Artist,3,3,29.8,,,,M. pyrifera ,0,128,,,
12/6/22,4,Artist,3,3,29.8,,,,M. pyrifera ,1,256,,,
12/6/22,4,Artist,3,3,29.8,,,,M. pyrifera ,0,512,,,
12/6/22,4,Artist,3,3,29.8,,,,M. pyrifera ,0,1000,,,
12/6/22,4,Artist,3,3,29.8,,,,M. pyrifera ,0,2000,,,
12/6/22,4,Artist,3,3,29.8,,,,M. pyrifera ,0,4000,,,
12/6/22,4,Artist,1,42,23,,,,S. horneri,0,16,0,0,0
12/6/22,4,Artist,1,42,23,,,,S. horneri,0,32,,,
12/6/22,4,Artist,1,42,23,,,,S. horneri,0,64,,,
12/6/22,4,Artist,1,42,23,,,,S. horneri,0,128,,,
12/6/22,4,Artist,1,42,23,,,,S. horneri,0,256,,,
12/6/22,4,Artist,1,42,23,,,,S. horneri,0,512,,,
12/6/22,4,Artist,1,42,23,,,,S. horneri,0,1000,,,
12/6/22,4,Artist,1,42,23,,,,S. horneri,0,2000,,,
12/6/22,4,Artist,1,42,23,,,,S. horneri,0,4000,,,
12/6/22,4,Artist,1,42,23,,,,S. horneri,0,8000,,,
12/6/22,4,Artist,2,18,28.6,,,,S. horneri,0,16,0,0,0
12/6/22,4,Artist,2,18,28.6,,,,S. horneri,0,32,,,
12/6/22,4,Artist,2,18,28.6,,,,S. horneri,0,64,,,
12/6/22,4,Artist,2,18,28.6,,,,S. horneri,0,128,,,
12/6/22,4,Artist,2,18,28.6,,,,S. horneri,0,256,,,
12/6/22,4,Artist,2,18,28.6,,,,S. horneri,0,512,,,
12/6/22,4,Artist,2,18,28.6,,,,S. horneri,0,1000,,,
12/6/22,4,Artist,2,18,28.6,,,,S. horneri,0,2000,,,
12/6/22,4,Artist,2,18,28.6,,,,S. horneri,0,4000,,,
12/6/22,4,Artist,2,18,28.6,,,,S. horneri,0,8000,,,
12/6/22,4,Artist,3,3,29.8,,,,S. horneri,0,16,0,0,0
12/6/22,4,Artist,3,3,29.8,,,,S. horneri,0,32,,,
12/6/22,4,Artist,3,3,29.8,,,,S. horneri,0,64,,,
12/6/22,4,Artist,3,3,29.8,,,,S. horneri,0,128,,,
12/6/22,4,Artist,3,3,29.8,,,,S. horneri,0,256,,,
12/6/22,4,Artist,3,3,29.8,,,,S. horneri,0,512,,,
12/6/22,4,Artist,3,3,29.8,,,,S. horneri,0,1000,,,
12/6/22,4,Artist,3,3,29.8,,,,S. horneri,0,2000,,,
12/6/22,4,Artist,3,3,29.8,,,,S. horneri,0,4000,,,
12/6/22,4,Artist,3,3,29.8,,,,S. horneri,0,8000,,,
12/6/22,4,Cissy,1,37,26.2,,,,M. pyrifera ,0,16,256,0.256,0.009770992
12/6/22,4,Cissy,1,37,26.2,,,,M. pyrifera ,0,32,,,
12/6/22,4,Cissy,1,37,26.2,,,,M. pyrifera ,0,64,,,
12/6/22,4,Cissy,1,37,26.2,,,,M. pyrifera ,2,128,,,
12/6/22,4,Cissy,1,37,26.2,,,,M. pyrifera ,0,256,,,
12/6/22,4,Cissy,1,37,26.2,,,,M. pyrifera ,0,512,,,
12/6/22,4,Cissy,1,37,26.2,,,,M. pyrifera ,0,1000,,,
12/6/22,4,Cissy,1,37,26.2,,,,M. pyrifera ,0,2000,,,
12/6/22,4,Cissy,1,37,26.2,,,,M. pyrifera ,0,4000,,,
12/6/22,4,Cissy,1,37,26.2,,,,M. pyrifera ,0,8000,,,
12/6/22,4,Cissy,2,27,24.2,,,,M. pyrifera ,0,16,1440,1.44,0.059504132
12/6/22,4,Cissy,2,27,24.2,,,,M. pyrifera ,13,32,,,
12/6/22,4,Cissy,2,27,24.2,,,,M. pyrifera ,4,64,,,
12/6/22,4,Cissy,2,27,24.2,,,,M. pyrifera ,2,128,,,
12/6/22,4,Cissy,2,27,24.2,,,,M. pyrifera ,0,256,,,
12/6/22,4,Cissy,2,27,24.2,,,,M. pyrifera ,1,512,,,
12/6/22,4,Cissy,2,27,24.2,,,,M. pyrifera ,0,1000,,,
12/6/22,4,Cissy,2,27,24.2,,,,M. pyrifera ,0,2000,,,
12/6/22,4,Cissy,2,27,24.2,,,,M. pyrifera ,0,4000,,,
12/6/22,4,Cissy,2,27,24.2,,,,M. pyrifera ,0,8000,,,
12/6/22,4,Cissy,3,2,26.1,,,,M. pyrifera ,0,16,448,0.448,0.017164751
12/6/22,4,Cissy,3,2,26.1,,,,M. pyrifera ,2,32,,,
12/6/22,4,Cissy,3,2,26.1,,,,M. pyrifera ,4,64,,,
12/6/22,4,Cissy,3,2,26.1,,,,M. pyrifera ,1,128,,,
12/6/22,4,Cissy,3,2,26.1,,,,M. pyrifera ,0,256,,,
12/6/22,4,Cissy,3,2,26.1,,,,M. pyrifera ,0,512,,,
12/6/22,4,Cissy,3,2,26.1,,,,M. pyrifera ,0,1000,,,
12/6/22,4,Cissy,3,2,26.1,,,,M. pyrifera ,0,2000,,,
12/6/22,4,Cissy,3,2,26.1,,,,M. pyrifera ,0,4000,,,
12/6/22,4,Cissy,3,2,26.1,,,,M. pyrifera ,0,8000,,,
12/6/22,4,Cissy,1,37,26.2,,,,S. horneri,0,16,0,0,0
12/6/22,4,Cissy,1,37,26.2,,,,S. horneri,0,32,,,
12/6/22,4,Cissy,1,37,26.2,,,,S. horneri,0,64,,,
12/6/22,4,Cissy,1,37,26.2,,,,S. horneri,0,128,,,
12/6/22,4,Cissy,1,37,26.2,,,,S. horneri,0,256,,,
12/6/22,4,Cissy,1,37,26.2,,,,S. horneri,0,512,,,
12/6/22,4,Cissy,1,37,26.2,,,,S. horneri,0,1000,,,
12/6/22,4,Cissy,1,37,26.2,,,,S. horneri,0,2000,,,
12/6/22,4,Cissy,1,37,26.2,,,,S. horneri,0,4000,,,
12/6/22,4,Cissy,1,37,26.2,,,,S. horneri,0,8000,,,
12/6/22,4,Cissy,2,27,24.2,,,,S. horneri,0,16,0,0,0
12/6/22,4,Cissy,2,27,24.2,,,,S. horneri,0,32,,,
12/6/22,4,Cissy,2,27,24.2,,,,S. horneri,0,64,,,
12/6/22,4,Cissy,2,27,24.2,,,,S. horneri,0,128,,,
12/6/22,4,Cissy,2,27,24.2,,,,S. horneri,0,256,,,
12/6/22,4,Cissy,2,27,24.2,,,,S. horneri,0,512,,,
12/6/22,4,Cissy,2,27,24.2,,,,S. horneri,0,1000,,,
12/6/22,4,Cissy,2,27,24.2,,,,S. horneri,0,2000,,,
12/6/22,4,Cissy,2,27,24.2,,,,S. horneri,0,4000,,,
12/6/22,4,Cissy,2,27,24.2,,,,S. horneri,0,8000,,,
12/6/22,4,Cissy,3,2,26.1,,,,S. horneri,0,16,0,0,0
12/6/22,4,Cissy,3,2,26.1,,,,S. horneri,0,32,,,
12/6/22,4,Cissy,3,2,26.1,,,,S. horneri,0,64,,,
12/6/22,4,Cissy,3,2,26.1,,,,S. horneri,0,128,,,
12/6/22,4,Cissy,3,2,26.1,,,,S. horneri,0,256,,,
12/6/22,4,Cissy,3,2,26.1,,,,S. horneri,0,512,,,
12/6/22,4,Cissy,3,2,26.1,,,,S. horneri,0,1000,,,
12/6/22,4,Cissy,3,2,26.1,,,,S. horneri,0,2000,,,
12/6/22,4,Cissy,3,2,26.1,,,,S. horneri,0,4000,,,
12/6/22,4,Cissy,3,2,26.1,,,,S. horneri,0,8000,,,
12/6/22,4,Redeye,1,32,42.2,,,,M. pyrifera ,2,16,256,0.256,0.006066351
12/6/22,4,Redeye,1,32,42.2,,,,M. pyrifera ,1,32,,,
12/6/22,4,Redeye,1,32,42.2,,,,M. pyrifera ,3,64,,,
12/6/22,4,Redeye,1,32,42.2,,,,M. pyrifera ,0,128,,,
12/6/22,4,Redeye,1,32,42.2,,,,M. pyrifera ,0,256,,,
12/6/22,4,Redeye,1,32,42.2,,,,M. pyrifera ,0,512,,,
12/6/22,4,Redeye,1,32,42.2,,,,M. pyrifera ,0,1000,,,
12/6/22,4,Redeye,1,32,42.2,,,,M. pyrifera ,0,2000,,,
12/6/22,4,Redeye,1,32,42.2,,,,M. pyrifera ,0,4000,,,
12/6/22,4,Redeye,1,32,42.2,,,,M. pyrifera ,0,8000,,,
12/6/22,4,Redeye,2,16,47.4,,,,M. pyrifera ,3,16,5360,5.36,0.113080169
12/6/22,4,Redeye,2,16,47.4,,,,M. pyrifera ,12,32,,,
12/6/22,4,Redeye,2,16,47.4,,,,M. pyrifera ,17,64,,,
12/6/22,4,Redeye,2,16,47.4,,,,M. pyrifera ,8,128,,,
12/6/22,4,Redeye,2,16,47.4,,,,M. pyrifera ,3,256,,,
12/6/22,4,Redeye,2,16,47.4,,,,M. pyrifera ,4,512,,,
12/6/22,4,Redeye,2,16,47.4,,,,M. pyrifera ,0,1000,,,
12/6/22,4,Redeye,2,16,47.4,,,,M. pyrifera ,0,2000,,,
12/6/22,4,Redeye,2,16,47.4,,,,M. pyrifera ,0,4000,,,
12/6/22,4,Redeye,2,16,47.4,,,,M. pyrifera ,0,8000,,,
12/6/22,4,Redeye,3,13,47.6,,,,M. pyrifera ,9,16,6096,6.096,0.128067227
12/6/22,4,Redeye,3,13,47.6,,,,M. pyrifera ,12,32,,,
12/6/22,4,Redeye,3,13,47.6,,,,M. pyrifera ,11,64,,,
12/6/22,4,Redeye,3,13,47.6,,,,M. pyrifera ,10,128,,,
12/6/22,4,Redeye,3,13,47.6,,,,M. pyrifera ,10,256,,,
12/6/22,4,Redeye,3,13,47.6,,,,M. pyrifera ,2,512,,,
12/6/22,4,Redeye,3,13,47.6,,,,M. pyrifera ,0,1000,,,
12/6/22,4,Redeye,3,13,47.6,,,,M. pyrifera ,0,2000,,,
12/6/22,4,Redeye,3,13,47.6,,,,M. pyrifera ,0,4000,,,
12/6/22,4,Redeye,3,13,47.6,,,,M. pyrifera ,0,8000,,,
12/6/22,4,Redeye,1,32,42.2,,,,S. horneri,0,16,0,0,0
12/6/22,4,Redeye,1,32,42.2,,,,S. horneri,0,32,,,
12/6/22,4,Redeye,1,32,42.2,,,,S. horneri,0,64,,,
12/6/22,4,Redeye,1,32,42.2,,,,S. horneri,0,128,,,
12/6/22,4,Redeye,1,32,42.2,,,,S. horneri,0,256,,,
12/6/22,4,Redeye,1,32,42.2,,,,S. horneri,0,512,,,
12/6/22,4,Redeye,1,32,42.2,,,,S. horneri,0,1000,,,
12/6/22,4,Redeye,1,32,42.2,,,,S. horneri,0,2000,,,
12/6/22,4,Redeye,1,32,42.2,,,,S. horneri,0,4000,,,
12/6/22,4,Redeye,1,32,42.2,,,,S. horneri,0,8000,,,
12/6/22,4,Redeye,2,16,47.4,,,,S. horneri,0,16,0,0,0
12/6/22,4,Redeye,2,16,47.4,,,,S. horneri,0,32,,,
12/6/22,4,Redeye,2,16,47.4,,,,S. horneri,0,64,,,
12/6/22,4,Redeye,2,16,47.4,,,,S. horneri,0,128,,,
12/6/22,4,Redeye,2,16,47.4,,,,S. horneri,0,256,,,
12/6/22,4,Redeye,2,16,47.4,,,,S. horneri,0,512,,,
12/6/22,4,Redeye,2,16,47.4,,,,S. horneri,0,1000,,,
12/6/22,4,Redeye,2,16,47.4,,,,S. horneri,0,2000,,,
12/6/22,4,Redeye,2,16,47.4,,,,S. horneri,0,4000,,,
12/6/22,4,Redeye,2,16,47.4,,,,S. horneri,0,8000,,,
12/6/22,4,Redeye,3,13,47.6,,,,S. horneri,0,16,0,0,0
12/6/22,4,Redeye,3,13,47.6,,,,S. horneri,0,32,,,
12/6/22,4,Redeye,3,13,47.6,,,,S. horneri,0,64,,,
12/6/22,4,Redeye,3,13,47.6,,,,S. horneri,0,128,,,
12/6/22,4,Redeye,3,13,47.6,,,,S. horneri,0,256,,,
12/6/22,4,Redeye,3,13,47.6,,,,S. horneri,0,512,,,
12/6/22,4,Redeye,3,13,47.6,,,,S. horneri,0,1000,,,
12/6/22,4,Redeye,3,13,47.6,,,,S. horneri,0,2000,,,
12/6/22,4,Redeye,3,13,47.6,,,,S. horneri,0,4000,,,
12/6/22,4,Redeye,3,13,47.6,,,,S. horneri,0,8000,,,
12/6/22,4,Tender,3,36,69.7,,,2.5,M. pyrifera ,4,16,19032,19.032,0.273055954
12/6/22,4,Tender,3,36,69.7,,,2.5,M. pyrifera ,20,32,,,
12/6/22,4,Tender,3,36,69.7,,,2.5,M. pyrifera ,14,64,,,
12/6/22,4,Tender,3,36,69.7,,,2.5,M. pyrifera ,5,128,,,
12/6/22,4,Tender,3,36,69.7,,,2.5,M. pyrifera ,5,256,,,
12/6/22,4,Tender,3,36,69.7,,,2.5,M. pyrifera ,1,512,,,
12/6/22,4,Tender,3,36,69.7,,,2.5,M. pyrifera ,9,1000,,,
12/6/22,4,Tender,3,36,69.7,,,2.5,M. pyrifera ,3,2000,,,
12/6/22,4,Tender,3,36,69.7,,,2.5,M. pyrifera ,0,4000,,,
12/6/22,4,Tender,3,36,69.7,,,2.5,M. pyrifera ,0,8000,,,
12/6/22,4,Tender,2,26,70,,,2.5,M. pyrifera ,21,16,49832,49.832,0.711885714
12/6/22,4,Tender,2,26,70,,,2.5,M. pyrifera ,88,32,,,
12/6/22,4,Tender,2,26,70,,,2.5,M. pyrifera ,26,64,,,
12/6/22,4,Tender,2,26,70,,,2.5,M. pyrifera ,15,128,,,
12/6/22,4,Tender,2,26,70,,,2.5,M. pyrifera ,10,256,,,
12/6/22,4,Tender,2,26,70,,,2.5,M. pyrifera ,3,512,,,
12/6/22,4,Tender,2,26,70,,,2.5,M. pyrifera ,3,1000,,,
12/6/22,4,Tender,2,26,70,,,2.5,M. pyrifera ,18,2000,,,
12/6/22,4,Tender,2,26,70,,,2.5,M. pyrifera ,0,4000,,,
12/6/22,4,Tender,2,26,70,,,2.5,M. pyrifera ,0,8000,,,
12/6/22,4,Tender,1,13,63.5,,,2.5,M. pyrifera ,4,16,5736,5.736,0.090330709
12/6/22,4,Tender,1,13,63.5,,,2.5,M. pyrifera ,20,32,,,
12/6/22,4,Tender,1,13,63.5,,,2.5,M. pyrifera ,27,64,,,
12/6/22,4,Tender,1,13,63.5,,,2.5,M. pyrifera ,6,128,,,
12/6/22,4,Tender,1,13,63.5,,,2.5,M. pyrifera ,6,256,,,
12/6/22,4,Tender,1,13,63.5,,,2.5,M. pyrifera ,0,512,,,
12/6/22,4,Tender,1,13,63.5,,,2.5,M. pyrifera ,1,1000,,,
12/6/22,4,Tender,1,13,63.5,,,2.5,M. pyrifera ,0,2000,,,
12/6/22,4,Tender,1,13,63.5,,,2.5,M. pyrifera ,0,4000,,,
12/6/22,4,Tender,1,13,63.5,,,2.5,M. pyrifera ,0,8000,,,
12/6/22,4,Tender,3,36,69.7,,,2.5,S. horneri,0,16,0,0,0
12/6/22,4,Tender,3,36,69.7,,,2.5,S. horneri,0,32,,,
12/6/22,4,Tender,3,36,69.7,,,2.5,S. horneri,0,64,,,
12/6/22,4,Tender,3,36,69.7,,,2.5,S. horneri,0,128,,,
12/6/22,4,Tender,3,36,69.7,,,2.5,S. horneri,0,256,,,
12/6/22,4,Tender,3,36,69.7,,,2.5,S. horneri,0,512,,,
12/6/22,4,Tender,3,36,69.7,,,2.5,S. horneri,0,1000,,,
12/6/22,4,Tender,3,36,69.7,,,2.5,S. horneri,0,2000,,,
12/6/22,4,Tender,3,36,69.7,,,2.5,S. horneri,0,4000,,,
12/6/22,4,Tender,3,36,69.7,,,2.5,S. horneri,0,8000,,,
12/6/22,4,Tender,2,26,70,,,2.5,S. horneri,0,16,0,0,0
12/6/22,4,Tender,2,26,70,,,2.5,S. horneri,0,32,,,
12/6/22,4,Tender,2,26,70,,,2.5,S. horneri,0,64,,,
12/6/22,4,Tender,2,26,70,,,2.5,S. horneri,0,128,,,
12/6/22,4,Tender,2,26,70,,,2.5,S. horneri,0,256,,,
12/6/22,4,Tender,2,26,70,,,2.5,S. horneri,0,512,,,
12/6/22,4,Tender,2,26,70,,,2.5,S. horneri,0,1000,,,
12/6/22,4,Tender,2,26,70,,,2.5,S. horneri,0,2000,,,
12/6/22,4,Tender,2,26,70,,,2.5,S. horneri,0,4000,,,
12/6/22,4,Tender,2,26,70,,,2.5,S. horneri,0,8000,,,
12/6/22,4,Tender,1,13,63.5,,,2.5,S. horneri,0,16,0,0,0
12/6/22,4,Tender,1,13,63.5,,,2.5,S. horneri,0,32,,,
12/6/22,4,Tender,1,13,63.5,,,2.5,S. horneri,0,64,,,
12/6/22,4,Tender,1,13,63.5,,,2.5,S. horneri,0,128,,,
12/6/22,4,Tender,1,13,63.5,,,2.5,S. horneri,0,256,,,
12/6/22,4,Tender,1,13,63.5,,,2.5,S. horneri,0,512,,,
12/6/22,4,Tender,1,13,63.5,,,2.5,S. horneri,0,1000,,,
12/6/22,4,Tender,1,13,63.5,,,2.5,S. horneri,0,2000,,,
12/6/22,4,Tender,1,13,63.5,,,2.5,S. horneri,0,4000,,,
12/6/22,4,Tender,1,13,63.5,,,2.5,S. horneri,0,8000,,,
12/6/22,4,Tranquility,3,7,19.4,,,,M. pyrifera ,0,16,96,0.096,0.004948454
12/6/22,4,Tranquility,3,7,19.4,,,,M. pyrifera ,1,32,,,
12/6/22,4,Tranquility,3,7,19.4,,,,M. pyrifera ,1,64,,,
12/6/22,4,Tranquility,3,7,19.4,,,,M. pyrifera ,0,128,,,
12/6/22,4,Tranquility,3,7,19.4,,,,M. pyrifera ,0,256,,,
12/6/22,4,Tranquility,3,7,19.4,,,,M. pyrifera ,0,512,,,
12/6/22,4,Tranquility,3,7,19.4,,,,M. pyrifera ,0,1000,,,
12/6/22,4,Tranquility,3,7,19.4,,,,M. pyrifera ,0,2000,,,
12/6/22,4,Tranquility,3,7,19.4,,,,M. pyrifera ,0,4000,,,
12/6/22,4,Tranquility,3,7,19.4,,,,M. pyrifera ,0,8000,,,
12/6/22,4,Tranquility,2,14,20.4,,,,M. pyrifera ,0,16,2320,2.32,0.11372549
12/6/22,4,Tranquility,2,14,20.4,,,,M. pyrifera ,0,32,,,
12/6/22,4,Tranquility,2,14,20.4,,,,M. pyrifera ,1,64,,,
12/6/22,4,Tranquility,2,14,20.4,,,,M. pyrifera ,0,128,,,
12/6/22,4,Tranquility,2,14,20.4,,,,M. pyrifera ,1,256,,,
12/6/22,4,Tranquility,2,14,20.4,,,,M. pyrifera ,0,512,,,
12/6/22,4,Tranquility,2,14,20.4,,,,M. pyrifera ,2,1000,,,
12/6/22,4,Tranquility,2,14,20.4,,,,M. pyrifera ,0,2000,,,
12/6/22,4,Tranquility,2,14,20.4,,,,M. pyrifera ,0,4000,,,
12/6/22,4,Tranquility,2,14,20.4,,,,M. pyrifera ,0,8000,,,
12/6/22,4,Tranquility,1,43,22.3,,,,M. pyrifera ,0,16,736,0.736,0.033004484
12/6/22,4,Tranquility,1,43,22.3,,,,M. pyrifera ,1,32,,,
12/6/22,4,Tranquility,1,43,22.3,,,,M. pyrifera ,1,64,,,
12/6/22,4,Tranquility,1,43,22.3,,,,M. pyrifera ,1,128,,,
12/6/22,4,Tranquility,1,43,22.3,,,,M. pyrifera ,0,256,,,
12/6/22,4,Tranquility,1,43,22.3,,,,M. pyrifera ,1,512,,,
12/6/22,4,Tranquility,1,43,22.3,,,,M. pyrifera ,0,1000,,,
12/6/22,4,Tranquility,1,43,22.3,,,,M. pyrifera ,0,2000,,,
12/6/22,4,Tranquility,1,43,22.3,,,,M. pyrifera ,0,4000,,,
12/6/22,4,Tranquility,1,43,22.3,,,,M. pyrifera ,0,8000,,,
12/6/22,4,Tranquility,3,7,19.4,,,,S. horneri,0,16,0,0,0
12/6/22,4,Tranquility,3,7,19.4,,,,S. horneri,0,32,,,
12/6/22,4,Tranquility,3,7,19.4,,,,S. horneri,0,64,,,
12/6/22,4,Tranquility,3,7,19.4,,,,S. horneri,0,128,,,
12/6/22,4,Tranquility,3,7,19.4,,,,S. horneri,0,256,,,
12/6/22,4,Tranquility,3,7,19.4,,,,S. horneri,0,512,,,
12/6/22,4,Tranquility,3,7,19.4,,,,S. horneri,0,1000,,,
12/6/22,4,Tranquility,3,7,19.4,,,,S. horneri,0,2000,,,
12/6/22,4,Tranquility,3,7,19.4,,,,S. horneri,0,4000,,,
12/6/22,4,Tranquility,3,7,19.4,,,,S. horneri,0,8000,,,
12/6/22,4,Tranquility,2,14,20.4,,,,S. horneri,0,16,0,0,0
12/6/22,4,Tranquility,2,14,20.4,,,,S. horneri,0,32,,,
12/6/22,4,Tranquility,2,14,20.4,,,,S. horneri,0,64,,,
12/6/22,4,Tranquility,2,14,20.4,,,,S. horneri,0,128,,,
12/6/22,4,Tranquility,2,14,20.4,,,,S. horneri,0,256,,,
12/6/22,4,Tranquility,2,14,20.4,,,,S. horneri,0,512,,,
12/6/22,4,Tranquility,2,14,20.4,,,,S. horneri,0,1000,,,
12/6/22,4,Tranquility,2,14,20.4,,,,S. horneri,0,2000,,,
12/6/22,4,Tranquility,2,14,20.4,,,,S. horneri,0,4000,,,
12/6/22,4,Tranquility,2,14,20.4,,,,S. horneri,0,8000,,,
12/6/22,4,Tranquility,1,43,22.3,,,,S. horneri,0,16,0,0,0
12/6/22,4,Tranquility,1,43,22.3,,,,S. horneri,0,32,,,
12/6/22,4,Tranquility,1,43,22.3,,,,S. horneri,0,64,,,
12/6/22,4,Tranquility,1,43,22.3,,,,S. horneri,0,128,,,
12/6/22,4,Tranquility,1,43,22.3,,,,S. horneri,0,256,,,
12/6/22,4,Tranquility,1,43,22.3,,,,S. horneri,0,512,,,
12/6/22,4,Tranquility,1,43,22.3,,,,S. horneri,0,1000,,,
12/6/22,4,Tranquility,1,43,22.3,,,,S. horneri,0,2000,,,
12/6/22,4,Tranquility,1,43,22.3,,,,S. horneri,0,4000,,,
12/6/22,4,Tranquility,1,43,22.3,,,,S. horneri,0,8000,,,
3/15/23,1,Artist,3,na,25.3,,,,M. pyrifera ,0,16,160,0.16,0.006324111
3/15/23,1,Artist,3,na,25.3,,,,M. pyrifera ,1,32,,,
3/15/23,1,Artist,3,na,25.3,,,,M. pyrifera ,0,64,,,
3/15/23,1,Artist,3,na,25.3,,,,M. pyrifera ,1,128,,,
3/15/23,1,Artist,3,na,25.3,,,,M. pyrifera ,0,256,,,
3/15/23,1,Artist,3,na,25.3,,,,M. pyrifera ,0,512,,,
3/15/23,1,Artist,3,na,25.3,,,,M. pyrifera ,0,1000,,,
3/15/23,1,Artist,3,na,25.3,,,,M. pyrifera ,0,2000,,,
3/15/23,1,Artist,3,na,25.3,,,,M. pyrifera ,0,4000,,,
3/15/23,1,Artist,3,na,25.3,,,,M. pyrifera ,0,8000,,,
3/15/23,1,Artist,3,na,27.2,,,,S. horneri,0,16,0,0,0
3/15/23,1,Artist,3,na,27.2,,,,S. horneri,0,32,,,
3/15/23,1,Artist,3,na,27.2,,,,S. horneri,0,64,,,
3/15/23,1,Artist,3,na,27.2,,,,S. horneri,0,128,,,
3/15/23,1,Artist,3,na,27.2,,,,S. horneri,0,256,,,
3/15/23,1,Artist,3,na,27.2,,,,S. horneri,0,512,,,
3/15/23,1,Artist,3,na,27.2,,,,S. horneri,0,1000,,,
3/15/23,1,Artist,3,na,27.2,,,,S. horneri,0,2000,,,
3/15/23,1,Artist,3,na,27.2,,,,S. horneri,0,4000,,,
3/15/23,1,Artist,3,na,27.2,,,,S. horneri,0,8000,,,