date,trip,month,year,time ,site ,kelp_pile_num,Dominant_species,kelp_L_m,kelp_W_m,kelp_D_m,ellipse_A_m2,sarg,sarg_L_1,sarg_W_1,sarg1_A,sarg_L_2,sarg_W_2,sarg2_A,sarg_L_3,sarg_W_3,sarg3_A,sarg_L_4,sarg_W_4,sarg4_A,sarg_total,ratio,percent,GPS_N1,GPS_W1,GPS_N2,GPS_W2,Observer,Recorder
3/15/22,1,March,2022,1:29 PM,Artist,1,M. pyrifera,1.08,0.11,0.03,0.101275186,n,0,0,0,0,0,0,0,0,0,0,0,0,0,0,0,"33, 15.310","119, 28.048","33, 15.309","119, 28.073",Anthony,L. Strope
3/15/22,1,March,2022,1:29 PM,Artist,2,M. pyrifera,1,0.07,0.01,0.056883339,n,0,0,0,0,0,0,0,0,0,0,0,0,0,0,0,"33, 15.310","119, 28.048","33, 15.309","119, 28.073",Anthony,L. Strope
3/15/22,1,March,2022,1:29 PM,Artist,3,Stephanocystis spp.,1.24,0.19,0.01,0.187346359,n,0,0,0,0,0,0,0,0,0,0,0,0,0,0,0,"33, 15.310","119, 28.048","33, 15.309","119, 28.073",Anthony,L. Strope
3/15/22,1,March,2022,1:29 PM,Artist,4,Stephanocystis spp.,1.08,0.34,0.02,0.292534458,n,0,0,0,0,0,0,0,0,0,0,0,0,0,0,0,"33, 15.310","119, 28.048","33, 15.309","119, 28.073",Anthony,L. Strope
3/15/22,1,March,2022,1:29 PM,Artist,5,Stephanocystis spp.,1.01,0.14,0.01,0.112845817,n,0,0,0,0,0,0,0,0,0,0,0,0,0,0,0,"33, 15.310","119, 28.048","33, 15.309","119, 28.073",Anthony,L. Strope
3/15/22,1,March,2022,1:29 PM,Artist,6,Stephanocystis spp.,1,0.17,0.04,0.143008125,n,0,0,0,0,0,0,0,0,0,0,0,0,0,0,0,"33, 15.310","119, 28.048","33, 15.309","119, 28.073",Anthony,L. Strope
3/15/22,1,March,2022,1:29 PM,Artist,7,Stephanocystis spp.,2.03,0.2,0.06,0.35010996,n,0,0,0,0,0,0,0,0,0,0,0,0,0,0,0,"33, 15.310","119, 28.048","33, 15.309","119, 28.073",Anthony,L. Strope
3/15/22,1,March,2022,1:29 PM,Artist,8,Stephanocystis spp.,1.1,0.27,0.08,0.257318152,n,0,0,0,0,0,0,0,0,0,0,0,0,0,0,0,"33, 15.310","119, 28.048","33, 15.309","119, 28.073",Anthony,L. Strope
3/15/22,1,March,2022,1:29 PM,Artist,9,Stephanocystis spp.,1.07,0.33,0.06,0.292099382,n,0,0,0,0,0,0,0,0,0,0,0,0,0,0,0,"33, 15.310","119, 28.048","33, 15.309","119, 28.073",Anthony,L. Strope
3/15/22,1,March,2022,1:29 PM,Artist,10,Stephanocystis spp.,1.42,0.38,0.03,0.431696811,n,0,0,0,0,0,0,0,0,0,0,0,0,0,0,0,"33, 15.310","119, 28.048","33, 15.309","119, 28.073",Anthony,L. Strope
3/15/22,1,March,2022,1:29 PM,Artist,11,Stephanocystis spp.,1.39,0.54,0.08,0.614468851,n,0,0,0,0,0,0,0,0,0,0,0,0,0,0,0,"33, 15.310","119, 28.048","33, 15.309","119, 28.073",Anthony,L. Strope
3/15/22,1,March,2022,1:29 PM,Artist,12,Stephanocystis spp.,1.14,0.24,0.04,0.224520502,n,0,0,0,0,0,0,0,0,0,0,0,0,0,0,0,"33, 15.310","119, 28.048","33, 15.309","119, 28.073",Anthony,L. Strope
3/15/22,1,March,2022,1:29 PM,Artist,13,Stephanocystis spp.,1,0.42,0.06,0.343431431,n,0,0,0,0,0,0,0,0,0,0,0,0,0,0,0,"33, 15.310","119, 28.048","33, 15.309","119, 28.073",Anthony,L. Strope
3/15/22,1,March,2022,1:29 PM,Artist,14,Stephanocystis spp.,1.24,0.21,0.03,0.211854317,n,0,0,0,0,0,0,0,0,0,0,0,0,0,0,0,"33, 15.310","119, 28.048","33, 15.309","119, 28.073",Anthony,L. Strope
3/15/22,1,March,2022,1:29 PM,Artist,15,Stephanocystis spp.,1.6,0.45,0.04,0.577519336,n,0,0,0,0,0,0,0,0,0,0,0,0,0,0,0,"33, 15.310","119, 28.048","33, 15.309","119, 28.073",Anthony,L. Strope
3/15/22,1,March,2022,1:29 PM,Artist,16,Stephanocystis spp.,1.59,0.46,0.05,0.589922036,n,0,0,0,0,0,0,0,0,0,0,0,0,0,0,0,"33, 15.310","119, 28.048","33, 15.309","119, 28.073",Anthony,L. Strope
3/15/22,1,March,2022,1:29 PM,Artist,17,Stephanocystis spp.,2.35,0.41,0.08,0.798134231,n,0,0,0,0,0,0,0,0,0,0,0,0,0,0,0,"33, 15.310","119, 28.048","33, 15.309","119, 28.073",Anthony,L. Strope
3/15/22,1,March,2022,1:29 PM,Artist,18,M. pyrifera,1.03,0.46,0.09,0.396131702,n,0,0,0,0,0,0,0,0,0,0,0,0,0,0,0,"33, 15.310","119, 28.048","33, 15.309","119, 28.073",Anthony,L. Strope
3/15/22,1,March,2022,1:29 PM,Artist,19,Stephanocystis spp.,1.27,0.41,0.12,0.452364203,n,0,0,0,0,0,0,0,0,0,0,0,0,0,0,0,"33, 15.310","119, 28.048","33, 15.309","119, 28.073",Anthony,L. Strope
3/15/22,1,March,2022,1:29 PM,Artist,20,Stephanocystis spp.,1.35,0.89,0.15,1.001025963,n,0,0,0,0,0,0,0,0,0,0,0,0,0,0,0,"33, 15.310","119, 28.048","33, 15.309","119, 28.073",Anthony,L. Strope
9/13/22,3,September,2022,4:35 PM,Artist,1,M. pyrifera,1.47,0.56,0.25,0.779166944,n,0,0,0,0,0,0,0,0,0,0,0,0,0,0,0,"33, 15.513","119, 28.131",NA,NA,RDS,JP
9/13/22,3,September,2022,4:35 PM,Artist,2,M. pyrifera,1.27,0.67,0.26,0.79212377,n,0,0,0,0,0,0,0,0,0,0,0,0,0,0,0,"33, 15.513","119, 28.131",NA,NA,RDS,JP
9/13/22,3,September,2022,4:35 PM,Artist,3,M. pyrifera,2.65,0.5,0.22,1.226673237,n,0,0,0,0,0,0,0,0,0,0,0,0,0,0,0,"33, 15.513","119, 28.131",NA,NA,RDS,JP
9/13/22,3,September,2022,4:35 PM,Artist,4,M. pyrifera,3.78,2.81,0.26,8.584469457,n,0,0,0,0,0,0,0,0,0,0,0,0,0,0,0,"33, 15.513","119, 28.131",NA,NA,RDS,JP
9/13/22,3,September,2022,4:35 PM,Artist,5,M. pyrifera,4,0.65,0.34,2.506814753,n,0,0,0,0,0,0,0,0,0,0,0,0,0,0,0,"33, 15.513","119, 28.131",NA,NA,RDS,JP
9/13/22,3,September,2022,4:35 PM,Artist,6,M. pyrifera,1.17,0.57,0.16,0.582314471,n,0,0,0,0,0,0,0,0,0,0,0,0,0,0,0,"33, 15.513","119, 28.131",NA,NA,RDS,JP
9/13/22,3,September,2022,4:35 PM,Artist,7,M. pyrifera,1.32,0.53,0.25,0.673409049,n,0,0,0,0,0,0,0,0,0,0,0,0,0,0,0,"33, 15.513","119, 28.131",NA,NA,RDS,JP
9/13/22,3,September,2022,4:35 PM,Artist,8,M. pyrifera,3.62,1.73,0.34,5.244993241,n,0,0,0,0,0,0,0,0,0,0,0,0,0,0,0,"33, 15.513","119, 28.131",NA,NA,RDS,JP
9/13/22,3,September,2022,4:35 PM,Artist,9,M. pyrifera,2.85,0.5,0.17,1.255206344,n,0,0,0,0,0,0,0,0,0,0,0,0,0,0,0,"33, 15.513","119, 28.131",NA,NA,RDS,JP
9/13/22,3,September,2022,4:35 PM,Artist,10,M. pyrifera,2.23,0.63,0.18,1.21368546,n,0,0,0,0,0,0,0,0,0,0,0,0,0,0,0,"33, 15.513","119, 28.131",NA,NA,RDS,JP
9/13/22,3,September,2022,4:35 PM,Artist,11,M. pyrifera,1.3,0.52,0.13,0.578074792,n,0,0,0,0,0,0,0,0,0,0,0,0,0,0,0,"33, 15.513","119, 28.131",NA,NA,RDS,JP
9/13/22,3,September,2022,4:35 PM,Artist,12,M. pyrifera,2.51,0.68,0.27,1.556131461,n,0,0,0,0,0,0,0,0,0,0,0,0,0,0,0,"33, 15.513","119, 28.131",NA,NA,RDS,JP
9/13/22,3,September,2022,4:35 PM,Artist,13,M. pyrifera,1.33,0.33,0.1,0.381500354,n,0,0,0,0,0,0,0,0,0,0,0,0,0,0,0,"33, 15.513","119, 28.131",NA,NA,RDS,JP
9/13/22,3,September,2022,4:35 PM,Artist,14,M. pyrifera,1.62,0.15,0.05,0.212612687,n,0,0,0,0,0,0,0,0,0,0,0,0,0,0,0,"33, 15.513","119, 28.131",NA,NA,RDS,JP
12/6/22,4,December,2022,na,Artist,1,Phylospadix spp.,1.31,0.6,0.17,0.685809773,n,0,0,0,0,0,0,0,0,0,0,0,0,0,0,0,,,,,,
12/6/22,4,December,2022,na,Artist,2,Phylospadix spp.,1.2,0.61,0.09,0.601070088,n,0,0,0,0,0,0,0,0,0,0,0,0,0,0,0,,,,,,
12/6/22,4,December,2022,na,Artist,3,Phylospadix spp.,1.24,0.99,0.08,0.988743602,n,0,0,0,0,0,0,0,0,0,0,0,0,0,0,0,,,,,,
12/6/22,4,December,2022,na,Artist,4,Phylospadix spp.,1.3,0.44,0.12,0.492700724,n,0,0,0,0,0,0,0,0,0,0,0,0,0,0,0,,,,,,
12/6/22,4,December,2022,na,Artist,5,Phylospadix spp.,1.49,0.84,0.1,1.017921837,n,0,0,0,0,0,0,0,0,0,0,0,0,0,0,0,,,,,,
12/6/22,4,December,2022,na,Artist,6,Phylospadix spp.,1.86,1.1,0.15,1.676489747,n,0,0,0,0,0,0,0,0,0,0,0,0,0,0,0,,,,,,
12/6/22,4,December,2022,na,Artist,7,Phylospadix spp.,1.28,0.45,0.12,0.49510152,n,0,0,0,0,0,0,0,0,0,0,0,0,0,0,0,,,,,,
5/10/22,2,May,2022,No access,Cosign,na,na,0,0,0,0,0,0,0,0,0,0,0,0,0,0,0,0,0,0,0,0,,,,,,
5/10/22,2,May,2022,None Found,Bachelor,na,na,0,0,0,0,0,0,0,0,0,0,0,0,0,0,0,0,0,0,0,0,,,,,,
3/14/22,1,March,2022,No access,Tranquility,na,na,0,0,0,0,0,0,0,0,0,0,0,0,0,0,0,0,0,0,0,0,,,,,,
3/14/22,1,March,2022,No access,Cosign,na,na,0,0,0,0,0,0,0,0,0,0,0,0,0,0,0,0,0,0,0,0,,,,,,
3/14/22,1,March,2022,5:39 PM,Bachelor,1,M. pyrifera,7.51,1.65,0.68,11.338067,n,0,0,0,0,0,0,0,0,0,0,0,0,0,0,0,,,,,,
3/14/22,1,March,2022,5:39 PM,Bachelor,2,Stephanocystis spp.,2.7,1.41,0.3,3.219266092,n,0,0,0,0,0,0,0,0,0,0,0,0,0,0,0,,,,,,
3/14/22,1,March,2022,5:39 PM,Bachelor,3,M. pyrifera,2.04,1.49,0.42,2.709186742,n,0,0,0,0,0,0,0,0,0,0,0,0,0,0,0,,,,,,
3/14/22,1,March,2022,5:39 PM,Bachelor,4,Stephanocystis spp.,3.91,1.42,0.25,4.59046084,n,0,0,0,0,0,0,0,0,0,0,0,0,0,0,0,,,,,,
3/14/22,1,March,2022,5:39 PM,Bachelor,5,M. pyrifera,2.9,4.52,0.25,10.55260101,n,0,0,0,0,0,0,0,0,0,0,0,0,0,0,0,,,,,,
3/14/22,1,March,2022,5:39 PM,Bachelor,6,Phylospadix spp.,4.25,1.53,0.6,5.960567293,n,0,0,0,0,0,0,0,0,0,0,0,0,0,0,0,,,,,,
3/14/22,1,March,2022,5:39 PM,Bachelor,7,M. pyrifera,3.13,0.79,0.41,2.400199638,n,0,0,0,0,0,0,0,0,0,0,0,0,0,0,0,,,,,,
3/14/22,1,March,2022,5:39 PM,Bachelor,8,Phylospadix spp.,1.89,0.38,0.35,0.860209367,n,0,0,0,0,0,0,0,0,0,0,0,0,0,0,0,,,,,,
3/14/22,1,March,2022,5:39 PM,Bachelor,9,M. pyrifera,2.76,0.81,0.24,1.942121472,n,0,0,0,0,0,0,0,0,0,0,0,0,0,0,0,,,,,,
3/14/22,1,March,2022,5:39 PM,Bachelor,10,M. pyrifera,1.37,0.85,0.16,0.97780221,n,0,0,0,0,0,0,0,0,0,0,0,0,0,0,0,,,,,,
3/14/22,1,March,2022,5:39 PM,Bachelor,11,M. pyrifera,1.8,0.72,0.2,1.123224144,n,0,0,0,0,0,0,0,0,0,0,0,0,0,0,0,,,,,,
3/14/22,1,March,2022,5:39 PM,Bachelor,12,M. pyrifera,1.52,0.21,0.18,0.366169033,n,0,0,0,0,0,0,0,0,0,0,0,0,0,0,0,,,,,,
3/14/22,1,March,2022,5:39 PM,Bachelor,13,M. pyrifera,1.38,0.26,0.19,0.387485632,n,0,0,0,0,0,0,0,0,0,0,0,0,0,0,0,,,,,,
3/14/22,1,March,2022,5:39 PM,Bachelor,14,M. pyrifera,1.49,0.29,0.19,0.448391095,n,0,0,0,0,0,0,0,0,0,0,0,0,0,0,0,,,,,,
3/14/22,1,March,2022,5:39 PM,Bachelor,15,M. pyrifera,2.15,0.6,0.29,1.231887203,n,0,0,0,0,0,0,0,0,0,0,0,0,0,0,0,,,,,,
3/14/22,1,March,2022,5:39 PM,Bachelor,16,M. pyrifera,1.19,0.45,0.31,0.582642025,n,0,0,0,0,0,0,0,0,0,0,0,0,0,0,0,,,,,,
3/14/22,1,March,2022,5:39 PM,Bachelor,17,M. pyrifera,4.69,2.28,0.15,8.542360227,n,0,0,0,0,0,0,0,0,0,0,0,0,0,0,0,,,,,,
3/14/22,1,March,2022,5:39 PM,Bachelor,18,M. pyrifera,2.46,1.57,0.15,3.11904593,n,0,0,0,0,0,0,0,0,0,0,0,0,0,0,0,,,,,,
3/14/22,1,March,2022,5:39 PM,Bachelor,19,M. pyrifera,2.76,0.92,0.11,2.05613772,n,0,0,0,0,0,0,0,0,0,0,0,0,0,0,0,,,,,,
3/14/22,1,March,2022,5:39 PM,Bachelor,20,M. pyrifera,2.29,0.7,0.18,1.368511806,n,0,0,0,0,0,0,0,0,0,0,0,0,0,0,0,,,,,,
9/14/22,3,September,2022,1:34 PM,Bachelor,1,M. pyrifera,2.3,1.24,0.4,2.55884136,n,0,0,0,0,0,0,0,0,0,0,0,0,0,0,0,"33, 15.285","119, 34.016","33, 15.239","119, 33.958","Big T, Jessie",Ric 
9/14/22,3,September,2022,1:34 PM,Bachelor,2,M. pyrifera,1.3,0.56,0.06,0.588135651,n,0,0,0,0,0,0,0,0,0,0,0,0,0,0,0,"33, 15.285","119, 34.016","33, 15.239","119, 33.958","Big T, Jessie",Ric
9/14/22,3,September,2022,1:34 PM,Bachelor,3,M. pyrifera,1.65,0.94,0.14,1.276699916,n,0,0,0,0,0,0,0,0,0,0,0,0,0,0,0,"33, 15.285","119, 34.016","33, 15.239","119, 33.958","Big T, Jessie",Ric
9/14/22,3,September,2022,1:34 PM,Bachelor,4,M. pyrifera,5.95,1.59,0.55,8.403758446,n,0,0,0,0,0,0,0,0,0,0,0,0,0,0,0,"33, 15.285","119, 34.016","33, 15.239","119, 33.958","Big T, Jessie ",Ric
9/14/22,3,September,2022,1:34 PM,Bachelor,5,M. pyrifera,10.03,1.62,0.24,13.24006261,n,0,0,0,0,0,0,0,0,0,0,0,0,0,0,0,"33, 15.285","119, 34.016","33, 15.239","119, 33.958","Big T, Jessie",Ric
9/14/22,3,September,2022,1:34 PM,Bachelor,6,M. pyrifera,8.14,2.8,0.63,19.21709441,n,0,0,0,0,0,0,0,0,0,0,0,0,0,0,0,"33, 15.285","119, 34.016","33, 15.239","119, 33.958","Big T, Jessie",Ric
9/14/22,3,September,2022,1:34 PM,Bachelor,7,M. pyrifera,3.45,0.77,0.34,2.468205868,n,0,0,0,0,0,0,0,0,0,0,0,0,0,0,0,"33, 15.285","119, 34.016","33, 15.239","119, 33.958","Big T, Jessie ",Ric
9/14/22,3,September,2022,1:34 PM,Bachelor,8,M. pyrifera,9.3,1.3,0.45,10.66093762,n,0,0,0,0,0,0,0,0,0,0,0,0,0,0,0,"33, 15.285","119, 34.016","33, 15.239","119, 33.958","Big T, Jessie ",Ric
9/14/22,3,September,2022,1:34 PM,Bachelor,9,M. pyrifera,1.75,0.48,0.32,0.886840646,n,0,0,0,0,0,0,0,0,0,0,0,0,0,0,0,"33, 15.285","119, 34.016","33, 15.239","119, 33.958","Big T, Jessie ",Ric
9/14/22,3,September,2022,1:34 PM,Bachelor,10,M. pyrifera,2.44,0.7,0.44,1.76869505,n,0,0,0,0,0,0,0,0,0,0,0,0,0,0,0,"33, 15.285","119, 34.016","33, 15.239","119, 33.958","Big T, Jessie ",Ric
9/14/22,3,September,2022,1:34 PM,Bachelor,11,M. pyrifera,3.95,1.23,0.44,4.355536295,n,0,0,0,0,0,0,0,0,0,0,0,0,0,0,0,"33, 15.285","119, 34.016","33, 15.239","119, 33.958","Big T, Jessie ",Ric
9/14/22,3,September,2022,1:34 PM,Bachelor,12,M. pyrifera,4.42,0.63,0.3,2.616712712,n,0,0,0,0,0,0,0,0,0,0,0,0,0,0,0,"33, 15.285","119, 34.016","33, 15.239","119, 33.958","Big T, Jessie ",Ric
9/14/22,3,September,2022,1:34 PM,Bachelor,13,M. pyrifera,1.03,0.64,0.26,0.627798156,n,0,0,0,0,0,0,0,0,0,0,0,0,0,0,0,"33, 15.285","119, 34.016","33, 15.239","119, 33.958","Big T, Jessie ",Ric
9/14/22,3,September,2022,1:34 PM,Bachelor,14,M. pyrifera,1.88,0.48,0.14,0.780576745,n,0,0,0,0,0,0,0,0,0,0,0,0,0,0,0,"33, 15.285","119, 34.016","33, 15.239","119, 33.958","Big T, Jessie",Ric
9/14/22,3,September,2022,1:34 PM,Bachelor,15,M. pyrifera,1.3,0.47,0.22,0.584046335,n,0,0,0,0,0,0,0,0,0,0,0,0,0,0,0,"33, 15.285","119, 34.016","33, 15.239","119, 33.958","Big T, Jessie",Ric
12/7/22,4,December,2022,9:43 AM,Bachelor,1,M. pyrifera,5.04,0.77,0.22,3.332272394,n,0,0,0,0,0,0,0,0,0,0,0,0,0,0,0,NA,NA,NA,NA,RDSA,JJP
12/7/22,4,December,2022,9:43 AM,Bachelor,2,M. pyrifera,2.57,0.7,0.3,1.667468255,n,0,0,0,0,0,0,0,0,0,0,0,0,0,0,0,NA,NA,NA,NA,RDSA,JJP
12/7/22,4,December,2022,9:43 AM,Bachelor,3,M. pyrifera,1.4,0.43,0.31,0.658661277,n,0,0,0,0,0,0,0,0,0,0,0,0,0,0,0,NA,NA,NA,NA,RDSA,JJP
12/7/22,4,December,2022,9:43 AM,Bachelor,4,Phylospadix spp.,1.45,0.45,0.24,0.64278348,n,0,0,0,0,0,0,0,0,0,0,0,0,0,0,0,NA,NA,NA,NA,RDSA,JJP
12/7/22,4,December,2022,9:43 AM,Bachelor,5,M. pyrifera,1.35,0.35,0.23,0.495119454,n,0,0,0,0,0,0,0,0,0,0,0,0,0,0,0,NA,NA,NA,NA,RDSA,JJP
12/7/22,4,December,2022,9:43 AM,Bachelor,6,M. pyrifera,5.17,0.95,0.25,4.181576883,n,0,0,0,0,0,0,0,0,0,0,0,0,0,0,0,NA,NA,NA,NA,RDSA,JJP
12/7/22,4,December,2022,9:43 AM,Bachelor,7,M. pyrifera,2.73,0.3,0.27,0.957277718,n,0,0,0,0,0,0,0,0,0,0,0,0,0,0,0,NA,NA,NA,NA,RDSA,JJP
12/7/22,4,December,2022,9:43 AM,Bachelor,8,M. pyrifera,1.61,0.71,0.34,1.110629204,n,0,0,0,0,0,0,0,0,0,0,0,0,0,0,0,NA,NA,NA,NA,RDSA,JJP
12/7/22,4,December,2022,9:43 AM,Bachelor,9,Phylospadix spp.,2.32,0.49,0.25,1.093603532,n,0,0,0,0,0,0,0,0,0,0,0,0,0,0,0,NA,NA,NA,NA,RDSA,JJP
12/7/22,4,December,2022,9:43 AM,Bachelor,10,M. pyrifera,2.58,1.17,1.41,4.468366208,n,0,0,0,0,0,0,0,0,0,0,0,0,0,0,0,NA,NA,NA,NA,RDSA,JJP
3/15/22,1,March,2022,12:13 PM,Cissy ,1,Stephanocystis spp.,1.05,0.31,0.09,0.282003999,n,0,0,0,0,0,0,0,0,0,0,0,0,0,0,0,"33, 15.521","119, 29.083","33, 15.518","119, 29.052",Anthony,L. Strope
3/15/22,1,March,2022,12:13 PM,Cissy ,2,M. pyrifera,1.31,0.19,0.05,0.211618421,n,0,0,0,0,0,0,0,0,0,0,0,0,0,0,0,"33, 15.521","119, 29.083","33, 15.518","119, 29.052",Anthony,L. Strope
3/15/22,1,March,2022,12:13 PM,Cissy ,3,Stephanocystis spp.,1.1,0.26,0.03,0.230967205,n,0,0,0,0,0,0,0,0,0,0,0,0,0,0,0,"33, 15.521","119, 29.083","33, 15.518","119, 29.052",Anthony,L. Strope
3/15/22,1,March,2022,12:13 PM,Cissy ,4,M. pyrifera,1.12,0.3,0.01,0.266424199,n,0,0,0,0,0,0,0,0,0,0,0,0,0,0,0,"33, 15.521","119, 29.083","33, 15.518","119, 29.052",Anthony,L. Strope
3/15/22,1,March,2022,12:13 PM,Cissy ,5,Stephanocystis spp.,1.35,0.15,0.01,0.16143189,n,0,0,0,0,0,0,0,0,0,0,0,0,0,0,0,"33, 15.521","119, 29.083","33, 15.518","119, 29.052",Anthony,L. Strope
3/15/22,1,March,2022,12:13 PM,Cissy ,6,Stephanocystis spp.,1.61,0.51,0.03,0.654146351,n,0,0,0,0,0,0,0,0,0,0,0,0,0,0,0,"33, 15.521","119, 29.083","33, 15.518","119, 29.052",Anthony,L. Strope
3/15/22,1,March,2022,12:13 PM,Cissy ,7,Stephanocystis spp.,1.03,0.45,0.04,0.372412715,n,0,0,0,0,0,0,0,0,0,0,0,0,0,0,0,"33, 15.521","119, 29.083","33, 15.518","119, 29.052",Anthony,L. Strope
3/15/22,1,March,2022,12:13 PM,Cissy ,8,Stephanocystis spp.,1.3,0.26,0.03,0.272839733,n,0,0,0,0,0,0,0,0,0,0,0,0,0,0,0,"33, 15.521","119, 29.083","33, 15.518","119, 29.052",Anthony,L. Strope
3/15/22,1,March,2022,12:13 PM,Cissy ,9,S. horneri,1.15,0.36,0.1,0.356937699,y,0.18,0.23,0.032515484,0.17,0.15,0.020027653,0,0,0,0,0,0,0.052543137,0.147205345,14.72053449,"33, 15.521","119, 29.083","33, 15.518","119, 29.052",Anthony,L. Strope
3/15/22,1,March,2022,12:13 PM,Cissy ,10,Stephanocystis spp.,1.22,0.18,0.05,0.18788094,n,0,0,0,0,0,0,0,0,0,0,0,0,0,0,0,"33, 15.521","119, 29.083","33, 15.518","119, 29.052",Anthony,L. Strope
3/15/22,1,March,2022,12:13 PM,Cissy ,11,Stephanocystis spp.,1.08,0.33,0.05,0.291533257,n,0,0,0,0,0,0,0,0,0,0,0,0,0,0,0,"33, 15.521","119, 29.083","33, 15.518","119, 29.052",Anthony,L. Strope
3/15/22,1,March,2022,12:13 PM,Cissy ,12,Stephanocystis spp.,1.33,0.22,0.02,0.234588539,n,0,0,0,0,0,0,0,0,0,0,0,0,0,0,0,"33, 15.521","119, 29.083","33, 15.518","119, 29.052",Anthony,L. Strope
3/15/22,1,March,2022,12:13 PM,Cissy ,13,Stephanocystis spp.,1.85,0.43,0.13,0.690653116,n,0,0,0,0,0,0,0,0,0,0,0,0,0,0,0,"33, 15.521","119, 29.083","33, 15.518","119, 29.052",Anthony,L. Strope
3/15/22,1,March,2022,12:13 PM,Cissy ,14,Stephanocystis spp.,1,0.48,0.05,0.387725514,n,0,0,0,0,0,0,0,0,0,0,0,0,0,0,0,"33, 15.521","119, 29.083","33, 15.518","119, 29.052",Anthony,L. Strope
3/15/22,1,March,2022,12:13 PM,Cissy ,15,Stephanocystis spp.,1.22,0.25,0.03,0.246544059,n,0,0,0,0,0,0,0,0,0,0,0,0,0,0,0,"33, 15.521","119, 29.083","33, 15.518","119, 29.052",Anthony,L. Strope
3/15/22,1,March,2022,12:13 PM,Cissy ,16,M. pyrifera,1.24,0.95,0.25,1.041064779,n,0,0,0,0,0,0,0,0,0,0,0,0,0,0,0,"33, 15.509","119, 29.027","33, 15.508","119, 29.023",Anthony,L. Strope
3/15/22,1,March,2022,12:13 PM,Cissy ,17,Stephanocystis spp.,1.14,0.54,0.22,0.576016241,n,0,0,0,0,0,0,0,0,0,0,0,0,0,0,0,"33, 15.509","119, 29.027","33, 15.508","119, 29.023",Anthony,L. Strope
3/15/22,1,March,2022,12:13 PM,Cissy ,18,Stephanocystis spp.,1.06,0.26,0.09,0.244483695,n,0,0,0,0,0,0,0,0,0,0,0,0,0,0,0,"33, 15.509","119, 29.027","33, 15.508","119, 29.023",Anthony,L. Strope
3/15/22,1,March,2022,12:13 PM,Cissy ,19,Stephanocystis spp.,1.7,0.4,0.1,0.57687802,n,0,0,0,0,0,0,0,0,0,0,0,0,0,0,0,"33, 15.509","119, 29.027","33, 15.508","119, 29.023",Anthony,L. Strope
3/15/22,1,March,2022,12:13 PM,Cissy ,20,Stephanocystis spp.,1.02,0.37,0.14,0.343491186,n,0,0,0,0,0,0,0,0,0,0,0,0,0,0,0,"33, 15.509","119, 29.027","33, 15.508","119, 29.023",Anthony,L. Strope
5/11/22,2,May,2022,9:30 AM,Cissy ,1,M. pyrifera,2.36,0.55,0.19,1.150152508,n,0,0,0,0,0,0,0,0,0,0,0,0,0,0,0,"33, 15.881","119, 29.143","33, 15.889","119, 29.160",Ric/Lostro,Jess/Lostro
5/11/22,2,May,2022,9:30 AM,Cissy ,2,M. pyrifera,2.55,0.32,0.06,0.673390939,n,0,0,0,0,0,0,0,0,0,0,0,0,0,0,0,"33, 15.881","119, 29.143","33, 15.889","119, 29.160",Ric/Lostro,Jess/Lostro
5/11/22,2,May,2022,9:30 AM,Cissy ,3,Stephanocystis spp.,1.18,0.55,0.17,0.574336962,n,0,0,0,0,0,0,0,0,0,0,0,0,0,0,0,"33, 15.881","119, 29.143","33, 15.889","119, 29.160",Ric/Lostro,Jess/Lostro
5/11/22,2,May,2022,9:30 AM,Cissy ,4,M. pyrifera,1.41,0.6,0.15,0.724490526,n,0,0,0,0,0,0,0,0,0,0,0,0,0,0,0,"33, 15.881","119, 29.143","33, 15.889","119, 29.160",Ric/Lostro,Jess/Lostro
5/11/22,2,May,2022,9:30 AM,Cissy ,5,M. pyrifera,5.69,1.92,0.24,8.862459659,n,0,0,0,0,0,0,0,0,0,0,0,0,0,0,0,"33, 15.881","119, 29.143","33, 15.889","119, 29.160",Ric/Lostro,Jess/Lostro
5/11/22,2,May,2022,9:30 AM,Cissy ,6,M. pyrifera,4.63,0.55,0.19,2.242653253,n,0,0,0,0,0,0,0,0,0,0,0,0,0,0,0,"33, 15.881","119, 29.143","33, 15.889","119, 29.160",Ric/Lostro,Jess/Lostro
5/11/22,2,May,2022,9:30 AM,Cissy ,7,M. pyrifera,1.96,0.56,0.07,0.889611525,n,0,0,0,0,0,0,0,0,0,0,0,0,0,0,0,"33, 15.881","119, 29.143","33, 15.889","119, 29.160",Ric/Lostro,Jess/Lostro
5/11/22,2,May,2022,9:30 AM,Cissy ,8,M. pyrifera,2.4,0.96,0.05,1.833752663,y,0.33,0.02,0.005183628,0,0,0,0,0,0,0,0,0,0.005183628,0.002826787,0.282678683,"33, 15.881","119, 29.143","33, 15.889","119, 29.160",Ric/Lostro,Jess/Lostro
5/11/22,2,May,2022,9:30 AM,Cissy ,9,Phylospadix spp.,1,0.27,0.12,0.252303202,n,0,0,0,0,0,0,0,0,0,0,0,0,0,0,0,"33, 15.881","119, 29.143","33, 15.889","119, 29.160",Ric/Lostro,Jess/Lostro
5/11/22,2,May,2022,9:30 AM,Cissy ,10,M. pyrifera,3,0.54,0.07,1.312832083,n,0,0,0,0,0,0,0,0,0,0,0,0,0,0,0,"33, 15.881","119, 29.143","33, 15.889","119, 29.160",Ric/Lostro,Jess/Lostro
5/11/22,2,May,2022,9:30 AM,Cissy ,11,M. pyrifera,3.73,1.18,0.14,3.562056194,n,0,0,0,0,0,0,0,0,0,0,0,0,0,0,0,"33, 15.881","119, 29.143","33, 15.889","119, 29.160",Ric/Lostro,Jess/Lostro
5/11/22,2,May,2022,9:30 AM,Cissy ,12,Phylospadix spp.,1.59,0.64,0.07,0.822300944,n,0,0,0,0,0,0,0,0,0,0,0,0,0,0,0,"33, 15.881","119, 29.143","33, 15.889","119, 29.160",Ric/Lostro,Jess/Lostro
12/6/22,4,December,2022,None Found,Cissy ,1,na,0,0,0,0,n,0,0,0,0,0,0,0,0,0,0,0,0,0,0,0,NA,NA,NA,NA,R. Desantiago,J. Long
9/13/22,3,September,2022,3:03 PM,Cissy ,1,M. pyrifera,6.63,0.6,0.19,3.454572265,n,0,0,0,0,0,0,0,0,0,0,0,0,0,0,0,"33, 15.907","119, 29.175",NA,NA,RDS,JP
9/13/22,3,September,2022,3:03 PM,Cissy ,2,M. pyrifera,2.56,1.4,0.36,3.103930306,n,0,0,0,0,0,0,0,0,0,0,0,0,0,0,0,"33, 15.907","119, 29.175",NA,NA,RDS,JP
9/13/22,3,September,2022,3:03 PM,Cissy ,3,M. pyrifera,2.24,0.88,0.14,1.620510578,n,0,0,0,0,0,0,0,0,0,0,0,0,0,0,0,"33, 15.907","119, 29.175",NA,NA,RDS,JP
9/13/22,3,September,2022,3:03 PM,Cissy ,4,M. pyrifera,8,3.24,0.44,21.13306437,n,0,0,0,0,0,0,0,0,0,0,0,0,0,0,0,"33, 15.907","119, 29.175",NA,NA,RDS,JP
9/13/22,3,September,2022,3:03 PM,Cissy ,5,M. pyrifera,2.21,0.75,0.29,1.512003284,n,0,0,0,0,0,0,0,0,0,0,0,0,0,0,0,"33, 15.907","119, 29.175",NA,NA,RDS,JP
9/13/22,3,September,2022,3:03 PM,Cissy ,6,M. pyrifera,2.75,1.78,0.4,4.194127521,n,0,0,0,0,0,0,0,0,0,0,0,0,0,0,0,"33, 15.907","119, 29.175",NA,NA,RDS,JP
9/13/22,3,September,2022,3:03 PM,Cissy ,7,M. pyrifera,8.47,1.79,0.29,12.42180582,n,0,0,0,0,0,0,0,0,0,0,0,0,0,0,0,"33, 15.907","119, 29.175",NA,NA,RDS,JP
9/13/22,3,September,2022,3:03 PM,Cissy ,8,M. pyrifera,3.46,1.09,0.45,3.480577461,n,0,0,0,0,0,0,0,0,0,0,0,0,0,0,0,"33, 15.907","119, 29.175",NA,NA,RDS,JP
9/13/22,3,September,2022,3:03 PM,Cissy ,9,M. pyrifera,1.8,1.28,0.26,1.958669115,n,0,0,0,0,0,0,0,0,0,0,0,0,0,0,0,"33, 15.907","119, 29.175",NA,NA,RDS,JP
9/13/22,3,September,2022,3:03 PM,Cissy ,10,M. pyrifera,2.53,1.58,0.47,3.562436819,n,0,0,0,0,0,0,0,0,0,0,0,0,0,0,0,"33, 15.907","119, 29.175",NA,NA,RDS,JP
9/13/22,3,September,2022,3:03 PM,Cissy ,11,M. pyrifera,2.5,0.73,0.2,1.568899564,n,0,0,0,0,0,0,0,0,0,0,0,0,0,0,0,"33, 15.907","119, 29.175",NA,NA,RDS,JP
9/13/22,3,September,2022,3:03 PM,Cissy ,12,M. pyrifera,1.7,0.78,0.29,1.213770341,n,0,0,0,0,0,0,0,0,0,0,0,0,0,0,0,"33, 15.907","119, 29.175",NA,NA,RDS,JP
1/20/20,0,na,2020,NA,Cosign,a,M. pyrifera,1.8,0.67,,0.95,n,0,0,0,0,0,0,0,0,0,0,0,0,0,0,0,NA,NA,NA,NA,NA,NA
1/20/20,0,na,2020,NA,Cosign,b,M. pyrifera,2.78,1,,2.18,n,0,0,0,0,0,0,0,0,0,0,0,0,0,0,0,NA,NA,NA,NA,NA,NA
1/20/20,0,na,2020,NA,Cosign,c,M. pyrifera,2.16,1.96,,3.33,y,0.09,0.03,0.002120575,0,0,0,0,0,0,0,0,0,0.002120575,,0.06377551,NA,NA,NA,NA,NA,NA
1/20/20,0,na,2020,NA,Cosign,d,M. pyrifera,1.97,1.54,,2.38,y,0.29,0.07,0.015943583,0.05,0.02,0.000785398,0,0,0,0,0,0,0.016728981,0.006691278,0.669127826,NA,NA,NA,NA,NA,NA
1/20/20,0,na,2020,NA,Cosign,e,M. pyrifera,1.2,0.61,,0.57,n,0,0,0,0,0,0,0,0,0,0,0,0,0,0,0,NA,NA,NA,NA,NA,NA
1/20/20,0,na,2020,NA,Cosign,f,M. pyrifera,0.94,0.61,,0.45,n,0,0,0,0,0,0,0,0,0,0,0,0,0,0,0,NA,NA,NA,NA,NA,NA
1/20/20,0,na,2020,NA,Cosign,g,M. pyrifera,1.07,0.6,,0.5,n,0,0,0,0,0,0,0,0,0,0,0,0,0,0,0,NA,NA,NA,NA,NA,NA
1/20/20,0,na,2020,NA,Cosign,h,M. pyrifera,2.32,1.78,,3.24,y,0.35,0.14,0.03848451,0.28,0.1,0.021991149,0,0,0,0,0,0,0.060475659,0.018031962,1.803196215,NA,NA,NA,NA,NA,NA
1/20/20,0,na,2020,NA,Cosign,i,M. pyrifera,1.3,1.1,,1.12,n,0,0,0,0,0,0,0,0,0,0,0,0,0,0,0,NA,NA,NA,NA,NA,NA
1/20/20,0,na,2020,NA,Cosign,j,M. pyrifera,1.4,0.67,,0.74,n,0,0,0,0,0,0,0,0,0,0,0,0,0,0,0,NA,NA,NA,NA,NA,NA
1/20/20,0,na,2020,NA,Cosign,1,M. pyrifera,2.6,1.2,,2.45,y,0.25,0.16,0.031415927,0.1,0.05,0.003926991,0,0,0,0,0,0,0.035342917,0.012820513,1.282051282,NA,NA,NA,NA,NA,NA
1/20/20,0,na,2020,NA,Cosign,2,M. pyrifera,2.8,1.2,,2.64,y,0.5,0.3,0.117809725,0,0,0,0,0,0,0,0,0,0.117809725,0.044642857,4.464285714,NA,NA,NA,NA,NA,NA
1/20/20,0,na,2020,NA,Cosign,3,M. pyrifera,3.1,3.2,,7.79,y,1,1.2,0.942477796,0,0,0,0,0,0,0,0,0,0.942477796,0.120967742,12.09677419,NA,NA,NA,NA,NA,NA
1/20/20,0,na,2020,NA,Cosign,4,M. pyrifera,6,0.4,,1.88,n,0,0,0,0,0,0,0,0,0,0,0,0,0,0,0,NA,NA,NA,NA,NA,NA
1/20/20,0,na,2020,NA,Cosign,5,M. pyrifera,1.9,1.15,,1.72,n,0,0,0,0,0,0,0,0,0,0,0,0,0,0,0,NA,NA,NA,NA,NA,NA
1/20/20,0,na,2020,NA,Cosign,6,M. pyrifera,2.1,0.65,,1.07,n,0,0,0,0,0,0,0,0,0,0,0,0,0,0,0,NA,NA,NA,NA,NA,NA
1/20/20,0,na,2020,NA,Cosign,7,M. pyrifera,2.2,1,,1.73,n,0,0,0,0,0,0,0,0,0,0,0,0,0,0,0,NA,NA,NA,NA,NA,NA
1/20/20,0,na,2020,NA,Cosign,8,M. pyrifera,2.1,0.8,,1.32,n,0,0,0,0,0,0,0,0,0,0,0,0,0,0,0,NA,NA,NA,NA,NA,NA
1/20/20,0,na,2020,NA,Cosign,9,M. pyrifera,1.7,1.1,,1.47,n,0,0,0,0,0,0,0,0,0,0,0,0,0,0,0,NA,NA,NA,NA,NA,NA
12/7/22,4,December,2022,12:30 PM,Cosign,1,M. pyrifera,1.06,0.5,0.06,0.430341494,n,0,0,0,0,0,0,0,0,0,0,0,0,0,0,0,,,,,,
12/7/22,4,December,2022,12:30 PM,Cosign,2,M. pyrifera,1.41,0.83,0.21,1.014229581,n,0,0,0,0,0,0,0,0,0,0,0,0,0,0,0,,,,,,
12/7/22,4,December,2022,12:30 PM,Cosign,3,M. pyrifera,1.17,0.82,0.23,0.852140264,n,0,0,0,0,0,0,0,0,0,0,0,0,0,0,0,,,,,,
12/7/22,4,December,2022,12:30 PM,Cosign,4,M. pyrifera,1.41,0.66,0.29,0.886579816,n,0,0,0,0,0,0,0,0,0,0,0,0,0,0,0,,,,,,
12/7/22,4,December,2022,12:30 PM,Cosign,5,M. pyrifera,1.05,0.83,0.14,0.730313015,n,0,0,0,0,0,0,0,0,0,0,0,0,0,0,0,,,,,,
12/7/22,4,December,2022,12:30 PM,Cosign,6,M. pyrifera,1,0.62,0.12,0.521949664,n,0,0,0,0,0,0,0,0,0,0,0,0,0,0,0,,,,,,
12/7/22,4,December,2022,12:30 PM,Cosign,7,M. pyrifera,1.25,0.99,0.1,1.004427982,n,0,0,0,0,0,0,0,0,0,0,0,0,0,0,0,,,,,,
12/7/22,4,December,2022,12:30 PM,Cosign,8,M. pyrifera,1.18,0.44,0.19,0.486997564,n,0,0,0,0,0,0,0,0,0,0,0,0,0,0,0,,,,,,
12/7/22,4,December,2022,12:30 PM,Cosign,9,M. pyrifera,1.12,0.56,0.18,0.560383837,n,0,0,0,0,0,0,0,0,0,0,0,0,0,0,0,,,,,,
12/7/22,4,December,2022,12:30 PM,Cosign,10,M. pyrifera,1.41,0.46,0.13,0.560896745,n,0,0,0,0,0,0,0,0,0,0,0,0,0,0,0,,,,,,
9/22/23,3,September,2022,3:10 PM,Cosign,5,M. pyrifera,2.14,0.62,0.4,1.387324157,n,0,0,0,0,0,0,0,0,0,0,0,0,0,0,0,"33, 16.500","119, 34.613","33, 16.527","119, 34.627","Big T, Jessie ",Ric
9/14/22,3,September,2022,3:10 PM,Cosign,1,M. pyrifera,4.56,2.8,0.63,10.91921641,n,0,0,0,0,0,0,0,0,0,0,0,0,0,0,0,"33, 16.500","119, 34.613","33, 16.527","119, 34.627","Big T, Jessie ",Ric 
9/14/22,3,September,2022,3:10 PM,Cosign,2,M. pyrifera,4.99,0.82,0.3,3.646316753,n,0,0,0,0,0,0,0,0,0,0,0,0,0,0,0,"33, 16.500","119, 34.613","33, 16.527","119, 34.627","Big T, Jessie ",Ric
9/14/22,3,September,2022,3:10 PM,Cosign,3,M. pyrifera,5.67,2,0.56,9.809887364,n,0,0,0,0,0,0,0,0,0,0,0,0,0,0,0,"33, 16.500","119, 34.613","33, 16.527","119, 34.627","Big T, Jessie",Ric
9/14/22,3,September,2022,3:10 PM,Cosign,4,M. pyrifera,4.26,2.4,0.5,8.64530378,n,0,0,0,0,0,0,0,0,0,0,0,0,0,0,0,"33, 16.500","119, 34.613","33, 16.527","119, 34.627","Big T, Jessie ",Ric
9/14/22,3,September,2022,3:10 PM,Cosign,6,M. pyrifera,7.71,2.51,0.38,15.83655714,n,0,0,0,0,0,0,0,0,0,0,0,0,0,0,0,"33, 16.500","119, 34.613","33, 16.527","119, 34.627","Big T, Jessie ",Ric
9/14/22,3,September,2022,3:10 PM,Cosign,7,M. pyrifera,1.88,0.48,0.16,0.796073025,n,0,0,0,0,0,0,0,0,0,0,0,0,0,0,0,"33, 16.500","119, 34.613","33, 16.527","119, 34.627","Big T, Jessie ",Ric
9/14/22,3,September,2022,3:10 PM,Cosign,8,M. pyrifera,2.66,1.11,0.58,2.933356123,n,0,0,0,0,0,0,0,0,0,0,0,0,0,0,0,"33, 16.500","119, 34.613","33, 16.527","119, 34.627","Big T, Jessie ",Ric
9/14/22,3,September,2022,3:10 PM,Cosign,9,M. pyrifera,2.09,0.56,0.41,1.280096144,n,0,0,0,0,0,0,0,0,0,0,0,0,0,0,0,"33, 16.500","119, 34.613","33, 16.527","119, 34.627","Big T, Jessie ",Ric
9/14/22,3,September,2022,3:10 PM,Cosign,10,M. pyrifera,1.73,0.94,0.22,1.391303717,n,0,0,0,0,0,0,0,0,0,0,0,0,0,0,0,"33, 16.500","119, 34.613","33, 16.527","119, 34.627","Big T, Jessie ",Ric
9/14/22,3,September,2022,3:10 PM,Cosign,11,M. pyrifera,4.17,3.44,0.09,11.37612737,n,0,0,0,0,0,0,0,0,0,0,0,0,0,0,0,"33, 16.500","119, 34.613","33, 16.527","119, 34.627","Big T, Jessie ",Ric
9/14/22,3,September,2022,3:10 PM,Cosign,12,M. pyrifera,3.81,2.38,0.19,7.283281289,n,0,0,0,0,0,0,0,0,0,0,0,0,0,0,0,"33, 16.500","119, 34.613","33, 16.527","119, 34.627","Big T, Jessie ",Ric
9/14/22,3,September,2022,3:10 PM,Cosign,13,M. pyrifera,2.98,2.25,0.62,5.965812388,n,0,0,0,0,0,0,0,0,0,0,0,0,0,0,0,"33, 16.500","119, 34.613","33, 16.527","119, 34.627","Big T, Jessie ",Ric
9/14/22,3,September,2022,3:10 PM,Cosign,14,E. menziesii,2.26,0.69,0.12,1.286009427,n,0,0,0,0,0,0,0,0,0,0,0,0,0,0,0,"33, 16.500","119, 34.613","33, 16.527","119, 34.627","Big T, Jessie ",Ric
9/14/22,3,September,2022,3:10 PM,Cosign,15,M. pyrifera,2.84,0.52,0.29,1.452769744,n,0,0,0,0,0,0,0,0,0,0,0,0,0,0,0,"33, 16.500","119, 34.613","33, 16.527","119, 34.627","Big T, Jessie",Ric
3/14/22,1,March,2022,1:50 PM,Red Eye,1,M. pyrifera,1.02,0.26,0.13,0.254876259,n,0,0,0,0,0,0,0,0,0,0,0,0,0,0,0,,,,,,
3/14/22,1,March,2022,1:50 PM,Red Eye,2,M. pyrifera,1.51,0.68,0.21,0.90740036,n,0,0,0,0,0,0,0,0,0,0,0,0,0,0,0,,,,,,
3/14/22,1,March,2022,1:50 PM,Red Eye,3,M. pyrifera,1.53,0.54,0.21,0.755512422,n,0,0,0,0,0,0,0,0,0,0,0,0,0,0,0,,,,,,
3/14/22,1,March,2022,1:50 PM,Red Eye,4,M. pyrifera,1.86,0.66,0.15,1.036582665,n,0,0,0,0,0,0,0,0,0,0,0,0,0,0,0,,,,,,
3/14/22,1,March,2022,1:50 PM,Red Eye,5,M. pyrifera,2.23,0.55,0.17,1.069026659,y,0.25,0.09,0.017671459,0,0,0,0,0,0,0,0,0,0.017671459,0.016530419,1.653041908,,,,,,
3/14/22,1,March,2022,1:50 PM,Red Eye,6,M. pyrifera,2.23,0.91,0.29,1.796637049,n,0,0,0,0,0,0,0,0,0,0,0,0,0,0,0,,,,,,
3/14/22,1,March,2022,1:50 PM,Red Eye,7,M. pyrifera,1.19,0.42,0.1,0.424028455,n,0,0,0,0,0,0,0,0,0,0,0,0,0,0,0,,,,,,
3/14/22,1,March,2022,1:50 PM,Red Eye,8,M. pyrifera,2.52,1.14,0.29,2.469355097,y,0.23,0.07,0.01264491,0.4,0.03,0.009424778,0.1,0.04,0.003141593,0.09,0.03,0.002120575,0.027331856,0.011068419,1.106841868,,,,,,
3/14/22,1,March,2022,1:50 PM,Red Eye,9,M. pyrifera,3.12,0.17,0.12,0.557666583,n,0,0,0,0,0,0,0,0,0,0,0,0,0,0,0,,,,,,
3/14/22,1,March,2022,1:50 PM,Red Eye,10,M. pyrifera,2.78,0.4,0.14,0.982506372,n,0,0,0,0,0,0,0,0,0,0,0,0,0,0,0,,,,,,
3/14/22,1,March,2022,1:50 PM,Red Eye,11,M. pyrifera,1.12,0.42,0.21,0.45860168,n,0,0,0,0,0,0,0,0,0,0,0,0,0,0,0,,,,,,
3/14/22,1,March,2022,1:50 PM,Red Eye,12,M. pyrifera,1.25,0.83,0.29,0.958157175,n,0,0,0,0,0,0,0,0,0,0,0,0,0,0,0,,,,,,
3/14/22,1,March,2022,1:50 PM,Red Eye,13,M. pyrifera,1.84,0.58,0.26,1.003833691,n,0,0,0,0,0,0,0,0,0,0,0,0,0,0,0,,,,,,
3/14/22,1,March,2022,1:50 PM,Red Eye,14,M. pyrifera,1.84,0.46,0.14,0.73623519,n,0,0,0,0,0,0,0,0,0,0,0,0,0,0,0,,,,,,
3/14/22,1,March,2022,1:50 PM,Red Eye,15,M. pyrifera,1.58,0.61,0.28,0.919290484,n,0,0,0,0,0,0,0,0,0,0,0,0,0,0,0,,,,,,
3/14/22,1,March,2022,1:50 PM,Red Eye,16,M. pyrifera,4.85,3.94,0.03,15.11287624,n,0,0,0,0,0,0,0,0,0,0,0,0,0,0,0,,,,,,
3/14/22,1,March,2022,1:50 PM,Red Eye,17,M. pyrifera,1.36,0.61,0.09,0.680059511,n,0,0,0,0,0,0,0,0,0,0,0,0,0,0,0,,,,,,
3/14/22,1,March,2022,1:50 PM,Red Eye,18,M. pyrifera,2.75,1.84,0.25,4.154771927,n,0,0,0,0,0,0,0,0,0,0,0,0,0,0,0,,,,,,
3/14/22,1,March,2022,1:50 PM,Red Eye,19,M. pyrifera,1.37,0.79,0.13,0.897144069,n,0,0,0,0,0,0,0,0,0,0,0,0,0,0,0,,,,,,
3/14/22,1,March,2022,1:50 PM,Red Eye,20,M. pyrifera,1.54,0.57,0.26,0.834329287,y,0.25,0.07,0.013744468,0,0,0,0,0,0,0,0,0,0.013744468,0.016473673,1.647367302,,,,,,
5/10/22,2,May,2022,9:53 AM,Red Eye,1,M. pyrifera,2.7,0.75,0.05,1.615613467,n,0,0,0,0,0,0,0,0,0,0,0,0,0,0,0,"32, 16.258","119, 33.810","33, 16.250","119, 33.773",Ric/Lostro,Jessie
5/10/22,2,May,2022,9:53 AM,Red Eye,2,M. pyrifera,2.28,0.71,0.1,1.319469033,n,0,0,0,0,0,0,0,0,0,0,0,0,0,0,0,"32, 16.258","119, 33.810","33, 16.250","119, 33.773",Ric/Lostro,Jessie
5/10/22,2,May,2022,9:53 AM,Red Eye,3,M. pyrifera,2.02,0.55,0.11,0.924566225,n,0,0,0,0,0,0,0,0,0,0,0,0,0,0,0,"32, 16.258","119, 33.810","33, 16.250","119, 33.773",Ric/Lostro,Jessie
5/10/22,2,May,2022,9:53 AM,Red Eye,4,M. pyrifera,4.45,0.98,0.24,3.689474108,n,0,0,0,0,0,0,0,0,0,0,0,0,0,0,0,"32, 16.258","119, 33.810","33, 16.250","119, 33.773",Ric/Lostro,Jessie
5/10/22,2,May,2022,9:53 AM,Red Eye,5,M. pyrifera,2.83,1.37,0.23,3.207751598,n,0,0,0,0,0,0,0,0,0,0,0,0,0,0,0,"32, 16.258","119, 33.810","33, 16.250","119, 33.773",Ric/Lostro,Jessie
5/10/22,2,May,2022,9:53 AM,Red Eye,6,M. pyrifera,2.43,1.2,0.24,2.447750498,n,0,0,0,0,0,0,0,0,0,0,0,0,0,0,0,"32, 16.258","119, 33.810","33, 16.250","119, 33.773",Ric/Lostro,Jessie
5/10/22,2,May,2022,9:53 AM,Red Eye,7,M. pyrifera,2.89,1.49,0.18,3.50065669,n,0,0,0,0,0,0,0,0,0,0,0,0,0,0,0,"32, 16.258","119, 33.810","33, 16.250","119, 33.773",Ric/Lostro,Jessie
5/10/22,2,May,2022,9:53 AM,Red Eye,8,Stephanocystis spp.,2.03,1.1,0.23,1.886813693,n,0,0,0,0,0,0,0,0,0,0,0,0,0,0,0,"32, 16.258","119, 33.810","33, 16.250","119, 33.773",Ric/Lostro,Jessie
5/10/22,2,May,2022,9:53 AM,Red Eye,9,M. pyrifera,1.22,0.51,0.13,0.533861437,n,0,0,0,0,0,0,0,0,0,0,0,0,0,0,0,"32, 16.258","119, 33.810","33, 16.250","119, 33.773",Ric/Lostro,Jessie
5/10/22,2,May,2022,9:53 AM,Red Eye,10,M. pyrifera,4.32,1.37,0.36,5.068523577,n,0,0,0,0,0,0,0,0,0,0,0,0,0,0,0,"32, 16.258","119, 33.810","33, 16.250","119, 33.773",Ric/Lostro,Jessie
5/10/22,2,May,2022,9:53 AM,Red Eye,11,M. pyrifera,1.6,0.56,0.13,0.758042458,n,0,0,0,0,0,0,0,0,0,0,0,0,0,0,0,"32, 16.258","119, 33.810","33, 16.250","119, 33.773",Ric/Lostro,Jessie
5/10/22,2,May,2022,9:53 AM,Red Eye,12,M. pyrifera,5.22,1.21,0.16,5.126480376,n,0,0,0,0,0,0,0,0,0,0,0,0,0,0,0,"32, 16.258","119, 33.810","33, 16.250","119, 33.773",Ric/Lostro,Jessie
5/10/22,2,May,2022,9:53 AM,Red Eye,13,M. pyrifera,3.06,1.31,0.31,3.411594021,n,0,0,0,0,0,0,0,0,0,0,0,0,0,0,0,"32, 16.258","119, 33.810","33, 16.250","119, 33.773",Ric/Lostro,Jessie
5/10/22,2,May,2022,9:53 AM,Red Eye,14,M. pyrifera,4.52,1.75,0.1,6.301871438,n,0,0,0,0,0,0,0,0,0,0,0,0,0,0,0,"32, 16.258","119, 33.810","33, 16.250","119, 33.773",Ric/Lostro,Jessie
5/10/22,2,May,2022,9:53 AM,Red Eye,15,M. pyrifera,3.15,0.27,0.11,0.770018921,n,0,0,0,0,0,0,0,0,0,0,0,0,0,0,0,"32, 16.258","119, 33.810","33, 16.250","119, 33.773",Ric/Lostro,Jessie
9/14/22,3,September,2022,12:35 PM,Red Eye,1,M. pyrifera,2.41,0.95,0.1,1.847488277,n,0,0,0,0,0,0,0,0,0,0,0,0,0,0,0,"33, 16.269","119, 33.593","33, 16.249","119, 33.650","Jessie, Big T",Ric
9/14/22,3,September,2022,12:35 PM,Red Eye,2,M. pyrifera,3.48,1.49,0.14,4.17191374,n,0,0,0,0,0,0,0,0,0,0,0,0,0,0,0,"33, 16.269","119, 33.593","33, 16.249","119, 33.650","Jessie, Big T",Ric
9/14/22,3,September,2022,12:35 PM,Red Eye,3,Phylospadix spp.,2.62,0.6,0.09,1.283176433,n,0,0,0,0,0,0,0,0,0,0,0,0,0,0,0,"33, 16.269","119, 33.593","33, 16.249","119, 33.650","Jessie, Big T",Ric
9/14/22,3,September,2022,12:35 PM,Red Eye,4,M. pyrifera,1.87,0.91,0.09,1.372386943,n,0,0,0,0,0,0,0,0,0,0,0,0,0,0,0,"33, 16.269","119, 33.593","33, 16.249","119, 33.650","Jessie, Big T",Ric
9/14/22,3,September,2022,12:35 PM,Red Eye,5,M. pyrifera,2.27,0.8,0.13,1.493163852,n,0,0,0,0,0,0,0,0,0,0,0,0,0,0,0,"33, 16.269","119, 33.593","33, 16.249","119, 33.650","Jessie, Big T",Ric
9/14/22,3,September,2022,12:35 PM,Red Eye,6,M. pyrifera,1.35,0.79,0.11,0.874764061,n,0,0,0,0,0,0,0,0,0,0,0,0,0,0,0,"33, 16.269","119, 33.593","33, 16.249","119, 33.650","Jessie, Big T",Ric
9/14/22,3,September,2022,12:35 PM,Red Eye,7,M. pyrifera,2.24,0.59,0.08,1.074371803,n,0,0,0,0,0,0,0,0,0,0,0,0,0,0,0,"33, 16.269","119, 33.593","33, 16.249","119, 33.650","Jessie, Big T",Ric
9/14/22,3,September,2022,12:35 PM,Red Eye,8,M. pyrifera,1.43,0.73,0.16,0.884929781,n,0,0,0,0,0,0,0,0,0,0,0,0,0,0,0,"33, 16.269","119, 33.593","33, 16.249","119, 33.650","Jessie, Big T",Ric
9/14/22,3,September,2022,12:35 PM,Red Eye,9,M. pyrifera,1.48,1.28,0.15,1.551330658,n,0,0,0,0,0,0,0,0,0,0,0,0,0,0,0,"33, 16.269","119, 33.593","33, 16.249","119, 33.650","Jessie, Big T",Ric
9/14/22,3,September,2022,12:35 PM,Red Eye,10,M. pyrifera,3.6,0.91,0.18,2.722264388,n,0,0,0,0,0,0,0,0,0,0,0,0,0,0,0,"33, 16.269","119, 33.593","33, 16.249","119, 33.650","Jessie, Big T",Ric
9/14/22,3,September,2022,12:35 PM,Red Eye,11,M. pyrifera,2.81,0.93,0.11,2.115203243,n,0,0,0,0,0,0,0,0,0,0,0,0,0,0,0,"33, 16.269","119, 33.593","33, 16.249","119, 33.650","Jessie, Big T",Ric
9/14/22,3,September,2022,12:35 PM,Red Eye,12,M. pyrifera,2,1.2,0.08,1.91964091,n,0,0,0,0,0,0,0,0,0,0,0,0,0,0,0,"33, 16.269","119, 33.593","33, 16.249","119, 33.650","Jessie, Big T",Ric
9/14/22,3,September,2022,12:35 PM,Red Eye,13,M. pyrifera,2.16,0.97,0.06,1.671684559,n,0,0,0,0,0,0,0,0,0,0,0,0,0,0,0,"33, 16.269","119, 33.593","33, 16.249","119, 33.650","Jessie, Big T",Ric
9/14/22,3,September,2022,12:35 PM,Red Eye,14,M. pyrifera,1.62,0.89,0.08,1.160549258,n,0,0,0,0,0,0,0,0,0,0,0,0,0,0,0,"33, 16.269","119, 33.593","33, 16.249","119, 33.650","Jessie, Big T",Ric
9/14/22,3,September,2022,12:35 PM,Red Eye,15,M. pyrifera,1.41,0.74,0.13,0.867455471,n,0,0,0,0,0,0,0,0,0,0,0,0,0,0,0,"33, 16.269","119, 33.593","33, 16.249","119, 33.650","Jessie, Big T",Ric
12/7/22,4,December,2022,11:12 AM,Red Eye,1,M. pyrifera,1.94,0.64,0.23,1.115657974,n,0,0,0,0,0,0,0,0,0,0,0,0,0,0,0,NA,NA,NA,NA,RDSA,JJP
12/7/22,4,December,2022,11:12 AM,Red Eye,2,M. pyrifera,1.03,0.49,0.31,0.540866557,n,0,0,0,0,0,0,0,0,0,0,0,0,0,0,0,NA,NA,NA,NA,RDSA,JJP
12/7/22,4,December,2022,11:12 AM,Red Eye,3,M. pyrifera,1.5,1,0.14,1.233781111,n,0,0,0,0,0,0,0,0,0,0,0,0,0,0,0,NA,NA,NA,NA,RDSA,JJP
12/7/22,4,December,2022,11:12 AM,Red Eye,4,M. pyrifera,1.02,0.63,0.16,0.558338829,n,0,0,0,0,0,0,0,0,0,0,0,0,0,0,0,NA,NA,NA,NA,RDSA,JJP
12/7/22,4,December,2022,11:12 AM,Red Eye,5,M. pyrifera,1,0.63,0.18,0.557876222,n,0,0,0,0,0,0,0,0,0,0,0,0,0,0,0,NA,NA,NA,NA,RDSA,JJP
12/7/22,4,December,2022,11:12 AM,Red Eye,6,M. pyrifera,1.58,0.6,0.14,0.803597809,n,0,0,0,0,0,0,0,0,0,0,0,0,0,0,0,NA,NA,NA,NA,RDSA,JJP
12/7/22,4,December,2022,11:12 AM,Red Eye,7,M. pyrifera,2.08,0.94,0.17,1.624634168,n,0,0,0,0,0,0,0,0,0,0,0,0,0,0,0,NA,NA,NA,NA,RDSA,JJP
12/7/22,4,December,2022,11:12 AM,Red Eye,8,M. pyrifera,2.19,1.41,0.2,2.540071473,n,0,0,0,0,0,0,0,0,0,0,0,0,0,0,0,NA,NA,NA,NA,RDSA,JJP
12/7/22,4,December,2022,11:12 AM,Red Eye,9,M. pyrifera,1.91,0.7,0.23,1.185939754,n,0,0,0,0,0,0,0,0,0,0,0,0,0,0,0,NA,NA,NA,NA,RDSA,JJP
12/7/22,4,December,2022,11:12 AM,Red Eye,10,M. pyrifera,2.49,0.62,0.22,1.375668496,n,0,0,0,0,0,0,0,0,0,0,0,0,0,0,0,NA,NA,NA,NA,RDSA,JJP
3/14/22,1,March,2022,11:15 AM,Tender ,1,M. pyrifera,1.1,0.42,0.13,0.406308225,n,0,0,0,0,0,0,0,0,0,0,0,0,0,0,0,"33, 17.013","119, 32.060","33, 17.002","119, 32.073",Anthony,Lostro
3/14/22,1,March,2022,11:15 AM,Tender ,2,M. pyrifera,1.51,0.44,0.09,0.554265347,n,0,0,0,0,0,0,0,0,0,0,0,0,0,0,0,"33, 17.013","119, 32.060","33, 17.002","119, 32.073",Anthony,Lostro
3/14/22,1,March,2022,11:15 AM,Tender ,3,M. pyrifera,1.14,0.24,0.13,0.267617586,n,0,0,0,0,0,0,0,0,0,0,0,0,0,0,0,"33, 17.013","119, 32.060","33, 17.002","119, 32.073",Anthony,Lostro
3/14/22,1,March,2022,11:15 AM,Tender ,4,M. pyrifera,1.47,0.59,0.17,0.755617678,n,0,0,0,0,0,0,0,0,0,0,0,0,0,0,0,"33, 17.013","119, 32.060","33, 17.002","119, 32.073",Anthony,Lostro
3/14/22,1,March,2022,11:15 AM,Tender ,5,M. pyrifera,1.65,0.55,0.15,0.781461507,n,0,0,0,0,0,0,0,0,0,0,0,0,0,0,0,"33, 17.013","119, 32.060","33, 17.002","119, 32.073",Anthony,Lostro
3/14/22,1,March,2022,11:15 AM,Tender ,6,M. pyrifera,3.62,1.91,0.33,5.741578144,n,0,0,0,0,0,0,0,0,0,0,0,0,0,0,0,"33, 17.013","119, 32.060","33, 17.002","119, 32.073",Anthony,Lostro
3/14/22,1,March,2022,11:15 AM,Tender ,7,M. pyrifera,1.49,1.05,0.18,1.307838788,n,0,0,0,0,0,0,0,0,0,0,0,0,0,0,0,"33, 17.013","119, 32.060","33, 17.002","119, 32.073",Anthony,Lostro
3/14/22,1,March,2022,11:15 AM,Tender ,8,M. pyrifera,1.29,0.8,0.14,0.861039106,n,0,0,0,0,0,0,0,0,0,0,0,0,0,0,0,"33, 17.013","119, 32.060","33, 17.002","119, 32.073",Anthony,Lostro
3/14/22,1,March,2022,11:15 AM,Tender ,9,M. pyrifera,2.38,0.81,0.16,1.606433378,n,0,0,0,0,0,0,0,0,0,0,0,0,0,0,0,"33, 17.013","119, 32.060","33, 17.002","119, 32.073",Anthony,Lostro
3/14/22,1,March,2022,11:15 AM,Tender ,10,M. pyrifera,1.51,0.51,0.09,0.63630823,n,0,0,0,0,0,0,0,0,0,0,0,0,0,0,0,"33, 17.013","119, 32.060","33, 17.002","119, 32.073",Anthony,Lostro
3/14/22,1,March,2022,11:15 AM,Tender ,11,M. pyrifera,1.22,0.65,0.11,0.657618643,n,0,0,0,0,0,0,0,0,0,0,0,0,0,0,0,"33, 17.013","119, 32.060","33, 17.002","119, 32.073",Anthony,Lostro
3/14/22,1,March,2022,11:15 AM,Tender ,12,M. pyrifera,1.45,0.65,0.26,0.875631012,n,0,0,0,0,0,0,0,0,0,0,0,0,0,0,0,"33, 17.013","119, 32.060","33, 17.002","119, 32.073",Anthony,Lostro
3/14/22,1,March,2022,11:43 AM,Tender ,13,M. pyrifera,4.05,3.19,0.42,10.62719962,n,0,0,0,0,0,0,0,0,0,0,0,0,0,0,0,"33, 16.599","119, 32.096","33, 16.587","119, 32.091",Anthony,Lostro
3/14/22,1,March,2022,11:43,Tender ,14,M. pyrifera,2.46,1.21,0.37,2.634996109,n,0,0,0,0,0,0,0,0,0,0,0,0,0,0,0,"33, 16.599","119, 32.096","33, 16.587","119, 32.091",Anthony,Lostro
3/14/22,1,March,2022,11:43 AM,Tender ,15,M. pyrifera,2.17,2.04,0.27,3.661263261,n,0,0,0,0,0,0,0,0,0,0,0,0,0,0,0,"33, 16.599","119, 32.096","33, 16.587","119, 32.091",Anthony,Lostro
3/14/22,1,March,2022,11:43 AM,Tender ,16,M. pyrifera,1.51,0.72,0.17,0.927521131,n,0,0,0,0,0,0,0,0,0,0,0,0,0,0,0,"33, 16.599","119, 32.096","33, 16.587","119, 32.091",Anthony,Lostro
3/14/22,1,March,2022,11:43 AM,Tender ,17,M. pyrifera,4.11,1.25,0.38,4.482378829,n,0,0,0,0,0,0,0,0,0,0,0,0,0,0,0,"33, 16.599","119, 32.096","33, 16.587","119, 32.091",Anthony,Lostro
3/14/22,1,March,2022,11:43 AM,Tender ,18,M. pyrifera,1.59,0.85,0.34,1.268187551,n,0,0,0,0,0,0,0,0,0,0,0,0,0,0,0,"33, 16.599","119, 32.096","33, 16.587","119, 32.091",Anthony,Lostro
3/14/22,1,March,2022,11:43 AM,Tender ,19,Stephanocystis spp.,1.76,0.55,0.1,0.800869557,n,0,0,0,0,0,0,0,0,0,0,0,0,0,0,0,"33, 16.599","119, 32.096","33, 16.587","119, 32.091",Anthony,Lostro
3/14/22,1,March,2022,11:43 AM,Tender ,20,M. pyrifera,3.19,1.5,0.66,4.56151053,n,0,0,0,0,0,0,0,0,0,0,0,0,0,0,0,"33, 16.599","119, 32.096","33, 16.587","119, 32.091",Anthony,Lostro
5/10/22,2,May,2022,12:09 PM,Tender ,1,M. pyrifera,3.99,0.94,0.39,3.440913314,n,0,0,0,0,0,0,0,0,0,0,0,0,0,0,0,"33, 16.984","119, 32.154",NA,NA,Ric/Lostro,Jessie
5/10/22,2,May,2022,12:09 PM,Tender ,2,M. pyrifera,3.85,0.94,0.35,3.251791421,n,0,0,0,0,0,0,0,0,0,0,0,0,0,0,0,"33, 16.984","119, 32.154",NA,NA,Ric/Lostro,Jessie
5/10/22,2,May,2022,12:09 PM,Tender ,3,M. pyrifera,2.51,0.93,0.36,2.136078118,n,0,0,0,0,0,0,0,0,0,0,0,0,0,0,0,"13, 16.984","119, 32.154",NA,NA,Ric/Lostro,Jessie
5/10/22,2,May,2022,12:09 PM,Tender ,4,M. pyrifera,5.52,1.63,0.41,7.658364157,y,0.23,0.09,0.016257742,0,0,0,0,0,0,0,0,0,0.016257742,0.002122874,0.212287398,"13, 16.984","119, 32.154",NA,NA,Ric/Lostro,Jessie
5/10/22,2,May,2022,12:09 PM,Tender ,5,M. pyrifera,3.89,0.93,0.27,3.124749278,n,0,0,0,0,0,0,0,0,0,0,0,0,0,0,0,"13, 16.984","119, 32.154",NA,NA,Ric/Lostro,Jessie
5/10/22,2,May,2022,12:09 PM,Tender ,6,M. pyrifera,1.4,0.9,0.31,1.157312817,n,0,0,0,0,0,0,0,0,0,0,0,0,0,0,0,"13, 16.984","119, 32.154",NA,NA,Ric/Lostro,Jessie
5/10/22,2,May,2022,12:09 PM,Tender ,7,M. pyrifera,4.66,3.52,0.47,13.49062718,y,0.17,0.05,0.006675884,0,0,0,0,0,0,0,0,0,0.006675884,0.000494854,0.049485352,"13, 16.984","119, 32.154",NA,NA,Ric/Lostro,Jessie
5/10/22,2,May,2022,12:09 PM,Tender ,8,M. pyrifera,7.25,2.09,0.43,12.64547615,n,0,0,0,0,0,0,0,0,0,0,0,0,0,0,0,"13, 16.984","119, 32.154",NA,NA,Ric/Lostro,Jessie
5/10/22,2,May,2022,12:09 PM,Tender ,9,M. pyrifera,6.89,5.97,0.47,33.13859879,n,0,0,0,0,0,0,0,0,0,0,0,0,0,0,0,"13, 16.984","119, 32.154",NA,NA,Ric/Lostro,Jessie
5/10/22,2,May,2022,12:09 PM,Tender ,10,M. pyrifera,5.59,5.41,0.44,24.42932055,y,0.42,0.05,0.016493361,0,0,0,0,0,0,0,0,0,0.016493361,0.000675146,0.067514614,"13, 16.984","119, 32.154",NA,NA,Ric/Lostro,Jessie
5/10/22,2,May,2022,12:09 PM,Tender ,11,M. pyrifera,1.71,1.03,0.43,1.685071019,n,0,0,0,0,0,0,0,0,0,0,0,0,0,0,0,"13, 16.984","119, 32.154",NA,NA,Ric/Lostro,Jessie
5/10/22,2,May,2022,12:09 PM,Tender ,12,M. pyrifera,3.19,0.8,0.19,2.15487399,y,0.67,0.09,0.047359509,0,0,0,0,0,0,0,0,0,0.047359509,0.021977856,2.197785554,"13, 16.984","119, 32.154",NA,NA,Ric/Lostro,Jessie
5/10/22,2,May,2022,12:09 PM,Tender ,13,M. pyrifera,1.39,0.89,0.19,1.053225415,n,0,0,0,0,0,0,0,0,0,0,0,0,0,0,0,"13, 16.984","119, 32.154",NA,NA,Ric/Lostro,Jessie
5/10/22,2,May,2022,12:09 PM,Tender ,14,M. pyrifera,4.35,2.88,0.31,10.16702422,n,0,0,0,0,0,0,0,0,0,0,0,0,0,0,0,"13, 16.984","119, 32.154",NA,NA,Ric/Lostro,Jessie
5/10/22,2,May,2022,12:09 PM,Tender ,15,M. pyrifera,3.55,1.8,0.37,5.381016379,n,0,0,0,0,0,0,0,0,0,0,0,0,0,0,0,"13, 16.984","119, 32.154",NA,NA,Ric/Lostro,Jessie
9/13/22,3,September,2022,12:00 PM,Tender ,1,M. pyrifera,2.1,1.4,0.15,2.385719124,n,0,0,0,0,0,0,0,0,0,0,0,0,0,0,0,NA,NA,"33, 16.966","119, 32.175","Big T, Jessie",Big T
9/13/22,3,September,2022,12:00 PM,Tender ,2,M. pyrifera,1.91,0.82,0.11,1.276907568,n,0,0,0,0,0,0,0,0,0,0,0,0,0,0,0,NA,NA,"33, 16.966","119, 32.175","Big T, Jessie",Big T
9/13/22,3,September,2022,12:00 PM,Tender ,3,M. pyrifera,2.01,1.5,0.16,2.450355186,n,0,0,0,0,0,0,0,0,0,0,0,0,0,0,0,NA,NA,"33, 16.966","119, 32.175","Big T, Jessie",Big T
9/13/22,3,September,2022,12:00 PM,Tender ,4,M. pyrifera,1.48,0.33,0.11,0.429998443,n,0,0,0,0,0,0,0,0,0,0,0,0,0,0,0,NA,NA,"33, 16.966","119, 32.175","Big T, Jessie",Big T
9/13/22,3,September,2022,12:00 PM,Tender ,5,M. pyrifera,1.22,0.36,0.1,0.378290982,n,0,0,0,0,0,0,0,0,0,0,0,0,0,0,0,NA,NA,"33, 16.966","119, 32.175","Bit T, Jessie ",Big T
9/13/22,3,September,2022,12:00 PM,Tender ,6,M. pyrifera,1.12,0.18,0.06,0.176897692,n,0,0,0,0,0,0,0,0,0,0,0,0,0,0,0,NA,NA,"33, 16.966","119, 32.175","Big T, Jessie",Big T
9/13/22,3,September,2022,12:00 PM,Tender ,7,M. pyrifera,2.18,1.05,0.18,1.896484577,n,0,0,0,0,0,0,0,0,0,0,0,0,0,0,0,NA,NA,"33, 16.966","119, 32.175","Big T, Jessie ",Big T
9/13/22,3,September,2022,12:00 PM,Tender ,8,Phylospadix spp.,1.32,0.37,0.12,0.429669423,n,0,0,0,0,0,0,0,0,0,0,0,0,0,0,0,NA,NA,"33, 16.966","119, 32.175","Big T, Jessie ",Big T
9/13/22,3,September,2022,12:00 PM,Tender ,9,M. pyrifera,1.5,0.43,0.08,0.534093089,n,0,0,0,0,0,0,0,0,0,0,0,0,0,0,0,NA,NA,"33, 16.966","119, 32.175","Big T, Jessie ",Big T
9/13/22,3,September,2022,12:00 PM,Tender ,10,M. pyrifera,1.78,1.1,0.17,1.618246738,n,0,0,0,0,0,0,0,0,0,0,0,0,0,0,0,NA,NA,"33, 16.966","119, 32.175","Big T, Jessie",Big T
9/13/22,3,September,2022,12:00 PM,Tender ,11,M. pyrifera,2.47,2,0.2,4.009440688,n,0,0,0,0,0,0,0,0,0,0,0,0,0,0,0,NA,NA,"33, 16.966","119, 32.175","Big T, Jessie",Big T
9/13/22,3,September,2022,12:00 PM,Tender ,12,M. pyrifera,1.87,0.7,0.12,1.080671277,n,0,0,0,0,0,0,0,0,0,0,0,0,0,0,0,NA,NA,"33, 16.966","119, 32.175","Big T, Jessie",Big T
9/13/22,3,September,2022,12:00 PM,Tender ,13,M. pyrifera,2.7,0.92,0.26,2.149963022,n,0,0,0,0,0,0,0,0,0,0,0,0,0,0,0,NA,NA,"33, 16.966","119, 32.175","Big T, Jessie",Big T
9/13/22,3,September,2022,12:00 PM,Tender ,14,M. pyrifera,1.55,0.78,0.19,1.036849564,n,0,0,0,0,0,0,0,0,0,0,0,0,0,0,0,NA,NA,"33, 16.966","119, 32.175","Big T, Jessie",Big T
9/13/22,3,September,2022,12:00 PM,Tender ,15,M. pyrifera,3.3,1.41,0.15,3.757939245,n,0,0,0,0,0,0,0,0,0,0,0,0,0,0,0,NA,NA,"33, 16.966","119, 32.175","Big T, Jessie",Big T
12/6/22,4,December,2022,2:03 PM,Tender ,1,M. pyrifera,2.08,1.08,0.35,2.013518726,n,0,0,0,0,0,0,0,0,0,0,0,0,0,0,0,NA,NA,NA,NA,R. Desantiago,J. Long
12/6/22,4,December,2022,2:03 PM,Tender ,2,M. pyrifera,2.75,1.58,0.41,3.775014734,n,0,0,0,0,0,0,0,0,0,0,0,0,0,0,0,NA,NA,NA,NA,R. Desantiago,J. Long
12/6/22,4,December,2022,2:03 PM,Tender ,3,M. pyrifera,1.14,0.51,0.16,0.515006924,n,0,0,0,0,0,0,0,0,0,0,0,0,0,0,0,NA,NA,NA,NA,R. Desantiago,J. Long
12/6/22,4,December,2022,2:03 PM,Tender ,4,M. pyrifera,2.17,0.71,0.07,1.239676602,n,0,0,0,0,0,0,0,0,0,0,0,0,0,0,0,NA,NA,NA,NA,R. Desantiago,J. Long
12/6/22,4,December,2022,2:03 PM,Tender ,5,M. pyrifera,3.98,2.13,0.27,6.910022048,n,0,0,0,0,0,0,0,0,0,0,0,0,0,0,0,NA,NA,NA,NA,R. Desantiago,J. Long
12/6/22,4,December,2022,2:03 PM,Tender ,6,M. pyrifera,3,0.71,0.25,1.893932156,n,0,0,0,0,0,0,0,0,0,0,0,0,0,0,0,NA,NA,NA,NA,R. Desantiago,J. Long
12/6/22,4,December,2022,2:03 PM,Tender ,7,M. pyrifera,2.34,1.2,0.33,2.449053672,n,0,0,0,0,0,0,0,0,0,0,0,0,0,0,0,NA,NA,NA,NA,R. Desantiago,J. Long
12/6/22,4,December,2022,2:03 PM,Tender ,8,M. pyrifera,4.21,2.06,0.45,7.341243287,n,0,0,0,0,0,0,0,0,0,0,0,0,0,0,0,NA,NA,NA,NA,R. Desantiago,J. Long
12/6/22,4,December,2022,2:03 PM,Tender ,9,M. pyrifera,2.92,0.94,0.29,2.402752464,n,0,0,0,0,0,0,0,0,0,0,0,0,0,0,0,NA,NA,NA,NA,R. Desantiago,J. Long
12/6/22,4,December,2022,2:03 PM,Tender ,10,M. pyrifera,2.81,1.13,0.21,2.639149106,n,0,0,0,0,0,0,0,0,0,0,0,0,0,0,0,NA,NA,NA,NA,R. Desantiago,J. Long
9/13/23,3,September,2022,1:35 PM,Tranquility,2,M. pyrifera,1.38,0.28,0.1,0.343675099,n,0,0,0,0,0,0,0,0,0,0,0,0,0,0,0,"33, 15.952","119, 29.898",NA,NA,RDS,JP
9/13/22,3,September,2022,1:35 PM,Tranquility,1,M. pyrifera,1.18,0.52,0.13,0.525930827,n,0,0,0,0,0,0,0,0,0,0,0,0,0,0,0,"33, 15.952","119, 29.898",NA,NA,RDS,JP
9/13/22,3,September,2022,1:35 PM,Tranquility,3,Phylospadix spp.,1.3,0.44,0.08,0.473621806,n,0,0,0,0,0,0,0,0,0,0,0,0,0,0,0,"33, 15.952","119, 29.898",NA,NA,RDS,JP
9/13/22,3,September,2022,1:35 PM,Tranquility,4,M. pyrifera,4.56,0.98,0.38,4.037817453,n,0,0,0,0,0,0,0,0,0,0,0,0,0,0,0,"33, 15.952","119, 29.898",NA,NA,RDS,JP
9/13/22,3,September,2022,1:35 PM,Tranquility,5,Phylospadix spp.,1.67,0.44,0.09,0.612421093,n,0,0,0,0,0,0,0,0,0,0,0,0,0,0,0,"33, 15.952","119, 29.898",NA,NA,RDS,JP
9/13/22,3,September,2022,1:35 PM,Tranquility,6,Phylospadix spp.,1.2,0.52,0.08,0.512543727,n,0,0,0,0,0,0,0,0,0,0,0,0,0,0,0,"33, 15.952","119, 29.898",NA,NA,RDS,JP
9/13/22,3,September,2022,1:35 PM,Tranquility,7,M. pyrifera,5.8,1.68,0.31,8.064531204,n,0,0,0,0,0,0,0,0,0,0,0,0,0,0,0,"33, 15.952","119, 29.898",NA,NA,RDS,JP
9/13/22,3,September,2022,1:35 PM,Tranquility,8,M. pyrifera,5.1,0.91,0.23,3.933230215,n,0,0,0,0,0,0,0,0,0,0,0,0,0,0,0,"33, 15.952","119, 29.898",NA,NA,RDS,JP
9/13/22,3,September,2022,1:35 PM,Tranquility,9,M. pyrifera,1.63,0.42,0.26,0.702298792,n,0,0,0,0,0,0,0,0,0,0,0,0,0,0,0,"33, 15.952","119, 29.898",NA,NA,RDS,JP
9/13/22,3,September,2022,1:35 PM,Tranquility,10,M. pyrifera,1.19,0.56,0.06,0.538730265,n,0,0,0,0,0,0,0,0,0,0,0,0,0,0,0,"33, 15.952","119, 29.898",NA,NA,RDS,JP
9/13/22,3,September,2022,1:35 PM,Tranquility,11,M. pyrifera,2.47,0.58,0.2,1.269179004,n,0,0,0,0,0,0,0,0,0,0,0,0,0,0,0,"33, 15.952","119, 29.898",NA,NA,RDS,JP
9/13/22,3,September,2022,1:35 PM,Tranquility,12,M. pyrifera,1.68,0.7,0.34,1.143415165,n,0,0,0,0,0,0,0,0,0,0,0,0,0,0,0,"33, 15.952","119, 29.898",NA,NA,RDS,JP
9/13/22,3,September,2022,1:35 PM,Tranquility,13,M. pyrifera,6.34,2.25,0.29,11.59068342,n,0,0,0,0,0,0,0,0,0,0,0,0,0,0,0,"33, 15.952","119, 29.898",NA,NA,RDS,JP
9/13/22,3,September,2022,1:35 PM,Tranquility,14,M. pyrifera,1.45,0.7,0.2,0.888310414,n,0,0,0,0,0,0,0,0,0,0,0,0,0,0,0,"33, 15.952","119, 29.898",NA,NA,RDS,JP
9/13/22,3,September,2022,1:35 PM,Tranquility,15,E. menziesii,1,0.45,0.18,0.418152656,n,0,0,0,0,0,0,0,0,0,0,0,0,0,0,0,"33, 15.952","119, 29.898",NA,NA,RDS,JP
12/6/22,4,December,2022,None found,Tranquility,0,na,0,0,0,0,n,0,0,0,0,0,0,0,0,0,0,0,0,0,0,0,NA,NA,NA,NA,R. Desantiago,J. Long
1/20/20,0,na,2020,NA,W_Marker_Poles,6,M. pyrifera,1.58,0.74,,0.92,n,0,0,0,0,0,0,0,0,0,0,0,0,0,0,0,NA,NA,NA,NA,NA,NA
1/20/20,0,na,2020,NA,W_Marker_Poles,7,M. pyrifera,1.98,1.27,,1.97,n,0,0,0,0,0,0,0,0,0,0,0,0,0,0,0,NA,NA,NA,NA,NA,NA
1/20/20,0,na,2020,NA,W_Marker_Poles,8,M. pyrifera,1.09,0.96,,0.82,n,0,0,0,0,0,0,0,0,0,0,0,0,0,0,0,NA,NA,NA,NA,NA,NA
1/20/20,0,na,2020,NA,W_Marker_Poles,9,M. pyrifera,2.74,0.74,,1.59,n,0,0,0,0,0,0,0,0,0,0,0,0,0,0,0,NA,NA,NA,NA,NA,NA
1/20/20,0,na,2020,NA,W_Marker_Poles,10,M. pyrifera,1.38,0.62,,0.67,n,0,0,0,0,0,0,0,0,0,0,0,0,0,0,0,NA,NA,NA,NA,NA,NA
1/20/20,0,na,2020,NA,W_Marker_Poles,11,M. pyrifera,2.53,0.68,,1.35,n,0,0,0,0,0,0,0,0,0,0,0,0,0,0,0,NA,NA,NA,NA,NA,NA
1/20/20,0,na,2020,NA,W_Marker_Poles,12,M. pyrifera,2.57,0.41,,0.83,n,0,0,0,0,0,0,0,0,0,0,0,0,0,0,0,NA,NA,NA,NA,NA,NA
1/20/20,0,na,2020,NA,W_Marker_Poles,13,M. pyrifera,1.49,0.86,,1.01,y,0.64,0.13,0.065345127,0,0,0,0,0,0,0,0,0,0.065345127,0.064928984,6.492898392,NA,NA,NA,NA,NA,NA
1/20/20,0,na,2020,NA,W_Marker_Poles,a,M. pyrifera,1.35,1,,1.06,n,0,0,0,0,0,0,0,0,0,0,0,0,0,0,0,NA,NA,NA,NA,NA,NA
1/20/20,0,na,2020,NA,W_Marker_Poles,b,M. pyrifera,2,0.85,,1.34,n,0,0,0,0,0,0,0,0,0,0,0,0,0,0,0,NA,NA,NA,NA,NA,NA
1/20/20,0,na,2020,NA,W_Marker_Poles,c,M. pyrifera,2.45,5,,9.62,n,0,0,0,0,0,0,0,0,0,0,0,0,0,0,0,NA,NA,NA,NA,NA,NA
1/20/20,0,na,2020,NA,W_Marker_Poles,d,M. pyrifera,1,1,,0.79,n,0,0,0,0,0,0,0,0,0,0,0,0,0,0,0,NA,NA,NA,NA,NA,NA
1/20/20,0,na,2020,NA,W_Marker_Poles,e,M. pyrifera,1.2,0.7,,0.66,n,0,0,0,0,0,0,0,0,0,0,0,0,0,0,0,NA,NA,NA,NA,NA,NA
1/20/20,0,na,2020,NA,W_Marker_Poles,f,M. pyrifera,2.47,0.74,,1.44,y,0.11,0.01,0.000863938,0.12,0.02,0.001884956,0,0,0,0,0,0,0.002748894,0.000601816,0.060181639,NA,NA,NA,NA,NA,NA
1/20/20,0,na,2020,NA,W_Marker_Poles,g,M. pyrifera,2.06,1.01,,1.63,y,0.13,0.7,0.071471233,0.1,0.02,0.001570796,0.17,0.12,0.016022123,0.07,0.04,0.002199115,0.091263267,0.054888013,5.488801307,NA,NA,NA,NA,NA,NA
1/20/20,0,na,2020,NA,W_Marker_Poles,1,M. pyrifera,2.02,1.23,,1.95,n,0,0,0,0,0,0,0,0,0,0,0,0,0,0,0,NA,NA,NA,NA,NA,NA
1/20/20,0,na,2020,NA,W_Marker_Poles,2,M. pyrifera,2.14,1.78,,2.99,y,0.15,0.04,0.004712389,0.09,0.01,0.000706858,0,0,0,0,0,0,0.005419247,0.001575134,0.157513389,NA,NA,NA,NA,NA,NA
1/20/20,0,na,2020,NA,W_Marker_Poles,3,M. pyrifera,3.46,0.59,,1.6,n,0,0,0,0,0,0,0,0,0,0,0,0,0,0,0,NA,NA,NA,NA,NA,NA
1/20/20,0,na,2020,NA,W_Marker_Poles,4,M. pyrifera,1.91,0.76,,1.14,y,0.13,0.06,0.006126106,0,0,0,0,0,0,0,0,0,0.006126106,0.005373381,0.53733811,NA,NA,NA,NA,NA,NA
1/20/20,0,na,2020,NA,W_Marker_Poles,5,M. pyrifera,1.68,0.87,,1.15,n,0,0,0,0,0,0,0,0,0,0,0,0,0,0,0,NA,NA,NA,NA,NA,NA